case,family,accepted,expected,statement_and_signature_bytes
evidence-000,contradiction,1,1,559
evidence-001,contradiction,1,1,559
evidence-002,contradiction,1,1,559
evidence-003,contradiction,1,1,559
evidence-004,contradiction,1,1,559
evidence-005,contradiction,1,1,559
evidence-006,contradiction,1,1,559
evidence-007,contradiction,1,1,559
evidence-008,contradiction,1,1,559
evidence-009,contradiction,1,1,559
evidence-010,contradiction,1,1,563
evidence-011,contradiction,1,1,563
evidence-012,contradiction,1,1,563
evidence-013,contradiction,1,1,563
evidence-014,contradiction,1,1,563
evidence-015,contradiction,1,1,563
evidence-016,equal-root,0,0,558
evidence-017,equal-root,0,0,558
evidence-018,equal-root,0,0,558
evidence-019,equal-root,0,0,558
evidence-020,equal-root,0,0,558
evidence-021,equal-root,0,0,558
evidence-022,equal-root,0,0,558
evidence-023,equal-root,0,0,558
evidence-024,equal-root,0,0,558
evidence-025,equal-root,0,0,558
evidence-026,equal-root,0,0,562
evidence-027,equal-root,0,0,562
evidence-028,equal-root,0,0,562
evidence-029,equal-root,0,0,562
evidence-030,equal-root,0,0,562
evidence-031,equal-root,0,0,562
evidence-032,different-generation,0,0,565
evidence-033,different-generation,0,0,565
evidence-034,different-generation,0,0,565
evidence-035,different-generation,0,0,565
evidence-036,different-generation,0,0,565
evidence-037,different-generation,0,0,565
evidence-038,different-generation,0,0,565
evidence-039,different-generation,0,0,565
evidence-040,different-generation,0,0,565
evidence-041,different-generation,0,0,565
evidence-042,different-generation,0,0,569
evidence-043,different-generation,0,0,569
evidence-044,different-generation,0,0,569
evidence-045,different-generation,0,0,569
evidence-046,different-generation,0,0,569
evidence-047,different-generation,0,0,569
evidence-048,different-attempt,0,0,565
evidence-049,different-attempt,0,0,565
evidence-050,different-attempt,0,0,565
evidence-051,different-attempt,0,0,565
evidence-052,different-attempt,0,0,565
evidence-053,different-attempt,0,0,565
evidence-054,different-attempt,0,0,565
evidence-055,different-attempt,0,0,565
evidence-056,different-attempt,0,0,565
evidence-057,different-attempt,0,0,565
evidence-058,different-attempt,0,0,569
evidence-059,different-attempt,0,0,569
evidence-060,different-attempt,0,0,569
evidence-061,different-attempt,0,0,569
evidence-062,different-attempt,0,0,569
evidence-063,different-attempt,0,0,569
evidence-064,different-service,0,0,565
evidence-065,different-service,0,0,565
evidence-066,different-service,0,0,565
evidence-067,different-service,0,0,565
evidence-068,different-service,0,0,565
evidence-069,different-service,0,0,565
evidence-070,different-service,0,0,565
evidence-071,different-service,0,0,565
evidence-072,different-service,0,0,565
evidence-073,different-service,0,0,565
evidence-074,different-service,0,0,569
evidence-075,different-service,0,0,569
evidence-076,different-service,0,0,569
evidence-077,different-service,0,0,569
evidence-078,different-service,0,0,569
evidence-079,different-service,0,0,569
evidence-080,tampered-signature,0,0,559
evidence-081,tampered-signature,0,0,559
evidence-082,tampered-signature,0,0,559
evidence-083,tampered-signature,0,0,559
evidence-084,tampered-signature,0,0,559
evidence-085,tampered-signature,0,0,559
evidence-086,tampered-signature,0,0,559
evidence-087,tampered-signature,0,0,559
evidence-088,tampered-signature,0,0,559
evidence-089,tampered-signature,0,0,559
evidence-090,tampered-signature,0,0,563
evidence-091,tampered-signature,0,0,563
evidence-092,tampered-signature,0,0,563
evidence-093,tampered-signature,0,0,563
evidence-094,tampered-signature,0,0,563
evidence-095,tampered-signature,0,0,563
evidence-096,outsider,0,0,559
evidence-097,outsider,0,0,559
evidence-098,outsider,0,0,559
evidence-099,outsider,0,0,559
evidence-100,outsider,0,0,559
evidence-101,outsider,0,0,559
evidence-102,outsider,0,0,559
evidence-103,outsider,0,0,559
evidence-104,outsider,0,0,559
evidence-105,outsider,0,0,559
evidence-106,outsider,0,0,563
evidence-107,outsider,0,0,563
evidence-108,outsider,0,0,563
evidence-109,outsider,0,0,563
evidence-110,outsider,0,0,563
evidence-111,outsider,0,0,563
evidence-112,different-membership,0,0,559
evidence-113,different-membership,0,0,559
evidence-114,different-membership,0,0,559
evidence-115,different-membership,0,0,559
evidence-116,different-membership,0,0,559
evidence-117,different-membership,0,0,559
evidence-118,different-membership,0,0,559
evidence-119,different-membership,0,0,559
evidence-120,different-membership,0,0,559
evidence-121,different-membership,0,0,559
evidence-122,different-membership,0,0,563
evidence-123,different-membership,0,0,563
evidence-124,different-membership,0,0,563
evidence-125,different-membership,0,0,563
evidence-126,different-membership,0,0,563
evidence-127,different-membership,0,0,563
