case,name,predicate_true,meaning
semantic-00,stable-id-retry,1,"Retry returns original receipt, no second admission."
semantic-01,conflicting-id,1,Same request cannot change commitment.
semantic-02,retry-after-cut,1,Retry after sealing is idempotent.
semantic-03,late-admission,1,Sealed content does not include later input.
semantic-04,next-snapshot,1,An admitted ID may legitimately appear once in each later snapshot.
semantic-05,membership-is-ordered,1,Permutation changes the fixed membership context.
semantic-06,new-id-not-deduplicated-by-value,1,Equal payload tokens under distinct IDs are different admissions.
semantic-07,invalid-request,1,Invalid sequence is rejected.
semantic-08,activation-replay,1,Repeated identical activation is idempotent.
semantic-09,activation-immutable,1,A second generation cannot replace the active one.
semantic-10,duplicate-ready-slot,1,Repeated signature identity is not an extra slot.
semantic-11,foreign-context,1,Activation checks the full sealed context.
semantic-12,wrong-share-slot,1,Share destination is enforced.
semantic-13,immutable-slot-write,1,One generation slot cannot change its value.
semantic-14,ready-requires-persistence,1,A staged but unpersisted value cannot issue READY.
semantic-15,crash-discards-volatile,1,The crash transition discards staged values.
semantic-16,crash-keeps-durable,1,"Durability here is the model definition, not a hardware measurement."
semantic-17,replay-same-generation,1,Exact replay preserves the immutable slot.
semantic-18,no-cross-generation-fallback,1,Missing pinned state is not replaced by a different generation.
semantic-19,pin-not-latest,1,A newer arrival cannot alter a pinned read.
semantic-20,invalid-primitive-negative-control,1,"A bad private share passes the wrapper when the assumed resharing primitive is violated. This is an intentional limitation, not a security PASS."
semantic-21,early-ready-crash-0,1,Premature READY allows an activated epoch with missing data after a crash.
semantic-22,early-ready-crash-1,1,Premature READY allows an activated epoch with missing data after a crash.
semantic-23,early-ready-crash-2,1,Premature READY allows an activated epoch with missing data after a crash.
