scheme,modulus,selector,points,secret,assignments,correct,incorrect,homogeneous,error_histogram
replicated-additive,5,000,components-012,0,625,625,0,1,0:625;1:0;2:0;3:0;4:0
replicated-additive,5,000,components-012,1,625,625,0,1,0:625;1:0;2:0;3:0;4:0
replicated-additive,5,000,components-012,2,625,625,0,1,0:625;1:0;2:0;3:0;4:0
replicated-additive,5,000,components-012,3,625,625,0,1,0:625;1:0;2:0;3:0;4:0
replicated-additive,5,000,components-012,4,625,625,0,1,0:625;1:0;2:0;3:0;4:0
replicated-additive,5,001,components-012,0,625,125,500,0,0:125;1:125;2:125;3:125;4:125
replicated-additive,5,001,components-012,1,625,125,500,0,0:125;1:125;2:125;3:125;4:125
replicated-additive,5,001,components-012,2,625,125,500,0,0:125;1:125;2:125;3:125;4:125
replicated-additive,5,001,components-012,3,625,125,500,0,0:125;1:125;2:125;3:125;4:125
replicated-additive,5,001,components-012,4,625,125,500,0,0:125;1:125;2:125;3:125;4:125
replicated-additive,5,010,components-012,0,625,125,500,0,0:125;1:125;2:125;3:125;4:125
replicated-additive,5,010,components-012,1,625,125,500,0,0:125;1:125;2:125;3:125;4:125
replicated-additive,5,010,components-012,2,625,125,500,0,0:125;1:125;2:125;3:125;4:125
replicated-additive,5,010,components-012,3,625,125,500,0,0:125;1:125;2:125;3:125;4:125
replicated-additive,5,010,components-012,4,625,125,500,0,0:125;1:125;2:125;3:125;4:125
replicated-additive,5,011,components-012,0,625,125,500,0,0:125;1:125;2:125;3:125;4:125
replicated-additive,5,011,components-012,1,625,125,500,0,0:125;1:125;2:125;3:125;4:125
replicated-additive,5,011,components-012,2,625,125,500,0,0:125;1:125;2:125;3:125;4:125
replicated-additive,5,011,components-012,3,625,125,500,0,0:125;1:125;2:125;3:125;4:125
replicated-additive,5,011,components-012,4,625,125,500,0,0:125;1:125;2:125;3:125;4:125
replicated-additive,5,100,components-012,0,625,125,500,0,0:125;1:125;2:125;3:125;4:125
replicated-additive,5,100,components-012,1,625,125,500,0,0:125;1:125;2:125;3:125;4:125
replicated-additive,5,100,components-012,2,625,125,500,0,0:125;1:125;2:125;3:125;4:125
replicated-additive,5,100,components-012,3,625,125,500,0,0:125;1:125;2:125;3:125;4:125
replicated-additive,5,100,components-012,4,625,125,500,0,0:125;1:125;2:125;3:125;4:125
replicated-additive,5,101,components-012,0,625,125,500,0,0:125;1:125;2:125;3:125;4:125
replicated-additive,5,101,components-012,1,625,125,500,0,0:125;1:125;2:125;3:125;4:125
replicated-additive,5,101,components-012,2,625,125,500,0,0:125;1:125;2:125;3:125;4:125
replicated-additive,5,101,components-012,3,625,125,500,0,0:125;1:125;2:125;3:125;4:125
replicated-additive,5,101,components-012,4,625,125,500,0,0:125;1:125;2:125;3:125;4:125
replicated-additive,5,110,components-012,0,625,125,500,0,0:125;1:125;2:125;3:125;4:125
replicated-additive,5,110,components-012,1,625,125,500,0,0:125;1:125;2:125;3:125;4:125
replicated-additive,5,110,components-012,2,625,125,500,0,0:125;1:125;2:125;3:125;4:125
replicated-additive,5,110,components-012,3,625,125,500,0,0:125;1:125;2:125;3:125;4:125
replicated-additive,5,110,components-012,4,625,125,500,0,0:125;1:125;2:125;3:125;4:125
replicated-additive,5,111,components-012,0,625,625,0,1,0:625;1:0;2:0;3:0;4:0
replicated-additive,5,111,components-012,1,625,625,0,1,0:625;1:0;2:0;3:0;4:0
replicated-additive,5,111,components-012,2,625,625,0,1,0:625;1:0;2:0;3:0;4:0
replicated-additive,5,111,components-012,3,625,625,0,1,0:625;1:0;2:0;3:0;4:0
replicated-additive,5,111,components-012,4,625,625,0,1,0:625;1:0;2:0;3:0;4:0
Shamir-2-of-3,5,00,1-2,0,25,25,0,1,0:25;1:0;2:0;3:0;4:0
Shamir-2-of-3,5,00,1-2,1,25,25,0,1,0:25;1:0;2:0;3:0;4:0
Shamir-2-of-3,5,00,1-2,2,25,25,0,1,0:25;1:0;2:0;3:0;4:0
Shamir-2-of-3,5,00,1-2,3,25,25,0,1,0:25;1:0;2:0;3:0;4:0
Shamir-2-of-3,5,00,1-2,4,25,25,0,1,0:25;1:0;2:0;3:0;4:0
Shamir-2-of-3,5,01,1-2,0,25,5,20,0,0:5;1:5;2:5;3:5;4:5
Shamir-2-of-3,5,01,1-2,1,25,5,20,0,0:5;1:5;2:5;3:5;4:5
Shamir-2-of-3,5,01,1-2,2,25,5,20,0,0:5;1:5;2:5;3:5;4:5
Shamir-2-of-3,5,01,1-2,3,25,5,20,0,0:5;1:5;2:5;3:5;4:5
Shamir-2-of-3,5,01,1-2,4,25,5,20,0,0:5;1:5;2:5;3:5;4:5
Shamir-2-of-3,5,10,1-2,0,25,5,20,0,0:5;1:5;2:5;3:5;4:5
Shamir-2-of-3,5,10,1-2,1,25,5,20,0,0:5;1:5;2:5;3:5;4:5
Shamir-2-of-3,5,10,1-2,2,25,5,20,0,0:5;1:5;2:5;3:5;4:5
Shamir-2-of-3,5,10,1-2,3,25,5,20,0,0:5;1:5;2:5;3:5;4:5
Shamir-2-of-3,5,10,1-2,4,25,5,20,0,0:5;1:5;2:5;3:5;4:5
Shamir-2-of-3,5,11,1-2,0,25,25,0,1,0:25;1:0;2:0;3:0;4:0
Shamir-2-of-3,5,11,1-2,1,25,25,0,1,0:25;1:0;2:0;3:0;4:0
Shamir-2-of-3,5,11,1-2,2,25,25,0,1,0:25;1:0;2:0;3:0;4:0
Shamir-2-of-3,5,11,1-2,3,25,25,0,1,0:25;1:0;2:0;3:0;4:0
Shamir-2-of-3,5,11,1-2,4,25,25,0,1,0:25;1:0;2:0;3:0;4:0
Shamir-2-of-3,5,00,1-3,0,25,25,0,1,0:25;1:0;2:0;3:0;4:0
Shamir-2-of-3,5,00,1-3,1,25,25,0,1,0:25;1:0;2:0;3:0;4:0
Shamir-2-of-3,5,00,1-3,2,25,25,0,1,0:25;1:0;2:0;3:0;4:0
Shamir-2-of-3,5,00,1-3,3,25,25,0,1,0:25;1:0;2:0;3:0;4:0
Shamir-2-of-3,5,00,1-3,4,25,25,0,1,0:25;1:0;2:0;3:0;4:0
Shamir-2-of-3,5,01,1-3,0,25,5,20,0,0:5;1:5;2:5;3:5;4:5
Shamir-2-of-3,5,01,1-3,1,25,5,20,0,0:5;1:5;2:5;3:5;4:5
Shamir-2-of-3,5,01,1-3,2,25,5,20,0,0:5;1:5;2:5;3:5;4:5
Shamir-2-of-3,5,01,1-3,3,25,5,20,0,0:5;1:5;2:5;3:5;4:5
Shamir-2-of-3,5,01,1-3,4,25,5,20,0,0:5;1:5;2:5;3:5;4:5
Shamir-2-of-3,5,10,1-3,0,25,5,20,0,0:5;1:5;2:5;3:5;4:5
Shamir-2-of-3,5,10,1-3,1,25,5,20,0,0:5;1:5;2:5;3:5;4:5
Shamir-2-of-3,5,10,1-3,2,25,5,20,0,0:5;1:5;2:5;3:5;4:5
Shamir-2-of-3,5,10,1-3,3,25,5,20,0,0:5;1:5;2:5;3:5;4:5
Shamir-2-of-3,5,10,1-3,4,25,5,20,0,0:5;1:5;2:5;3:5;4:5
Shamir-2-of-3,5,11,1-3,0,25,25,0,1,0:25;1:0;2:0;3:0;4:0
Shamir-2-of-3,5,11,1-3,1,25,25,0,1,0:25;1:0;2:0;3:0;4:0
Shamir-2-of-3,5,11,1-3,2,25,25,0,1,0:25;1:0;2:0;3:0;4:0
Shamir-2-of-3,5,11,1-3,3,25,25,0,1,0:25;1:0;2:0;3:0;4:0
Shamir-2-of-3,5,11,1-3,4,25,25,0,1,0:25;1:0;2:0;3:0;4:0
Shamir-2-of-3,5,00,2-3,0,25,25,0,1,0:25;1:0;2:0;3:0;4:0
Shamir-2-of-3,5,00,2-3,1,25,25,0,1,0:25;1:0;2:0;3:0;4:0
Shamir-2-of-3,5,00,2-3,2,25,25,0,1,0:25;1:0;2:0;3:0;4:0
Shamir-2-of-3,5,00,2-3,3,25,25,0,1,0:25;1:0;2:0;3:0;4:0
Shamir-2-of-3,5,00,2-3,4,25,25,0,1,0:25;1:0;2:0;3:0;4:0
Shamir-2-of-3,5,01,2-3,0,25,5,20,0,0:5;1:5;2:5;3:5;4:5
Shamir-2-of-3,5,01,2-3,1,25,5,20,0,0:5;1:5;2:5;3:5;4:5
Shamir-2-of-3,5,01,2-3,2,25,5,20,0,0:5;1:5;2:5;3:5;4:5
Shamir-2-of-3,5,01,2-3,3,25,5,20,0,0:5;1:5;2:5;3:5;4:5
Shamir-2-of-3,5,01,2-3,4,25,5,20,0,0:5;1:5;2:5;3:5;4:5
Shamir-2-of-3,5,10,2-3,0,25,5,20,0,0:5;1:5;2:5;3:5;4:5
Shamir-2-of-3,5,10,2-3,1,25,5,20,0,0:5;1:5;2:5;3:5;4:5
Shamir-2-of-3,5,10,2-3,2,25,5,20,0,0:5;1:5;2:5;3:5;4:5
Shamir-2-of-3,5,10,2-3,3,25,5,20,0,0:5;1:5;2:5;3:5;4:5
Shamir-2-of-3,5,10,2-3,4,25,5,20,0,0:5;1:5;2:5;3:5;4:5
Shamir-2-of-3,5,11,2-3,0,25,25,0,1,0:25;1:0;2:0;3:0;4:0
Shamir-2-of-3,5,11,2-3,1,25,25,0,1,0:25;1:0;2:0;3:0;4:0
Shamir-2-of-3,5,11,2-3,2,25,25,0,1,0:25;1:0;2:0;3:0;4:0
Shamir-2-of-3,5,11,2-3,3,25,25,0,1,0:25;1:0;2:0;3:0;4:0
Shamir-2-of-3,5,11,2-3,4,25,25,0,1,0:25;1:0;2:0;3:0;4:0
