case,background_order,target_slot,boundary,active_before_replay,active_after_replay,content_correct_after_replay
crash-000,000,0,0,0,1,1
crash-001,000,0,1,0,1,1
crash-002,000,0,2,0,1,1
crash-003,000,0,3,1,1,1
crash-004,000,1,0,0,1,1
crash-005,000,1,1,0,1,1
crash-006,000,1,2,0,1,1
crash-007,000,1,3,1,1,1
crash-008,000,2,0,0,1,1
crash-009,000,2,1,0,1,1
crash-010,000,2,2,0,1,1
crash-011,000,2,3,1,1,1
crash-012,001,0,0,0,1,1
crash-013,001,0,1,0,1,1
crash-014,001,0,2,0,1,1
crash-015,001,0,3,1,1,1
crash-016,001,1,0,0,1,1
crash-017,001,1,1,0,1,1
crash-018,001,1,2,0,1,1
crash-019,001,1,3,1,1,1
crash-020,001,2,0,0,1,1
crash-021,001,2,1,0,1,1
crash-022,001,2,2,0,1,1
crash-023,001,2,3,1,1,1
crash-024,010,0,0,0,1,1
crash-025,010,0,1,0,1,1
crash-026,010,0,2,0,1,1
crash-027,010,0,3,1,1,1
crash-028,010,1,0,0,1,1
crash-029,010,1,1,0,1,1
crash-030,010,1,2,0,1,1
crash-031,010,1,3,1,1,1
crash-032,010,2,0,0,1,1
crash-033,010,2,1,0,1,1
crash-034,010,2,2,0,1,1
crash-035,010,2,3,1,1,1
crash-036,011,0,0,0,1,1
crash-037,011,0,1,0,1,1
crash-038,011,0,2,0,1,1
crash-039,011,0,3,1,1,1
crash-040,011,1,0,0,1,1
crash-041,011,1,1,0,1,1
crash-042,011,1,2,0,1,1
crash-043,011,1,3,1,1,1
crash-044,011,2,0,0,1,1
crash-045,011,2,1,0,1,1
crash-046,011,2,2,0,1,1
crash-047,011,2,3,1,1,1
crash-048,100,0,0,0,1,1
crash-049,100,0,1,0,1,1
crash-050,100,0,2,0,1,1
crash-051,100,0,3,1,1,1
crash-052,100,1,0,0,1,1
crash-053,100,1,1,0,1,1
crash-054,100,1,2,0,1,1
crash-055,100,1,3,1,1,1
crash-056,100,2,0,0,1,1
crash-057,100,2,1,0,1,1
crash-058,100,2,2,0,1,1
crash-059,100,2,3,1,1,1
crash-060,101,0,0,0,1,1
crash-061,101,0,1,0,1,1
crash-062,101,0,2,0,1,1
crash-063,101,0,3,1,1,1
crash-064,101,1,0,0,1,1
crash-065,101,1,1,0,1,1
crash-066,101,1,2,0,1,1
crash-067,101,1,3,1,1,1
crash-068,101,2,0,0,1,1
crash-069,101,2,1,0,1,1
crash-070,101,2,2,0,1,1
crash-071,101,2,3,1,1,1
crash-072,110,0,0,0,1,1
crash-073,110,0,1,0,1,1
crash-074,110,0,2,0,1,1
crash-075,110,0,3,1,1,1
crash-076,110,1,0,0,1,1
crash-077,110,1,1,0,1,1
crash-078,110,1,2,0,1,1
crash-079,110,1,3,1,1,1
crash-080,110,2,0,0,1,1
crash-081,110,2,1,0,1,1
crash-082,110,2,2,0,1,1
crash-083,110,2,3,1,1,1
crash-084,111,0,0,0,1,1
crash-085,111,0,1,0,1,1
crash-086,111,0,2,0,1,1
crash-087,111,0,3,1,1,1
crash-088,111,1,0,0,1,1
crash-089,111,1,1,0,1,1
crash-090,111,1,2,0,1,1
crash-091,111,1,3,1,1,1
crash-092,111,2,0,0,1,1
crash-093,111,2,1,0,1,1
crash-094,111,2,2,0,1,1
crash-095,111,2,3,1,1,1
