case,events,latest_generations
order-000,A0 A1 A2 B0 B1 B2,BBB
order-001,A0 A1 A2 B0 B2 B1,BBB
order-002,A0 A1 A2 B1 B0 B2,BBB
order-003,A0 A1 A2 B1 B2 B0,BBB
order-004,A0 A1 A2 B2 B0 B1,BBB
order-005,A0 A1 A2 B2 B1 B0,BBB
order-006,A0 A1 B0 A2 B1 B2,BBB
order-007,A0 A1 B0 A2 B2 B1,BBB
order-008,A0 A1 B0 B1 A2 B2,BBB
order-009,A0 A1 B0 B1 B2 A2,BBA
order-010,A0 A1 B0 B2 A2 B1,BBA
order-011,A0 A1 B0 B2 B1 A2,BBA
order-012,A0 A1 B1 A2 B0 B2,BBB
order-013,A0 A1 B1 A2 B2 B0,BBB
order-014,A0 A1 B1 B0 A2 B2,BBB
order-015,A0 A1 B1 B0 B2 A2,BBA
order-016,A0 A1 B1 B2 A2 B0,BBA
order-017,A0 A1 B1 B2 B0 A2,BBA
order-018,A0 A1 B2 A2 B0 B1,BBA
order-019,A0 A1 B2 A2 B1 B0,BBA
order-020,A0 A1 B2 B0 A2 B1,BBA
order-021,A0 A1 B2 B0 B1 A2,BBA
order-022,A0 A1 B2 B1 A2 B0,BBA
order-023,A0 A1 B2 B1 B0 A2,BBA
order-024,A0 A2 A1 B0 B1 B2,BBB
order-025,A0 A2 A1 B0 B2 B1,BBB
order-026,A0 A2 A1 B1 B0 B2,BBB
order-027,A0 A2 A1 B1 B2 B0,BBB
order-028,A0 A2 A1 B2 B0 B1,BBB
order-029,A0 A2 A1 B2 B1 B0,BBB
order-030,A0 A2 B0 A1 B1 B2,BBB
order-031,A0 A2 B0 A1 B2 B1,BBB
order-032,A0 A2 B0 B1 A1 B2,BAB
order-033,A0 A2 B0 B1 B2 A1,BAB
order-034,A0 A2 B0 B2 A1 B1,BBB
order-035,A0 A2 B0 B2 B1 A1,BAB
order-036,A0 A2 B1 A1 B0 B2,BAB
order-037,A0 A2 B1 A1 B2 B0,BAB
order-038,A0 A2 B1 B0 A1 B2,BAB
order-039,A0 A2 B1 B0 B2 A1,BAB
order-040,A0 A2 B1 B2 A1 B0,BAB
order-041,A0 A2 B1 B2 B0 A1,BAB
order-042,A0 A2 B2 A1 B0 B1,BBB
order-043,A0 A2 B2 A1 B1 B0,BBB
order-044,A0 A2 B2 B0 A1 B1,BBB
order-045,A0 A2 B2 B0 B1 A1,BAB
order-046,A0 A2 B2 B1 A1 B0,BAB
order-047,A0 A2 B2 B1 B0 A1,BAB
order-048,A0 B0 A1 A2 B1 B2,BBB
order-049,A0 B0 A1 A2 B2 B1,BBB
order-050,A0 B0 A1 B1 A2 B2,BBB
order-051,A0 B0 A1 B1 B2 A2,BBA
order-052,A0 B0 A1 B2 A2 B1,BBA
order-053,A0 B0 A1 B2 B1 A2,BBA
order-054,A0 B0 A2 A1 B1 B2,BBB
order-055,A0 B0 A2 A1 B2 B1,BBB
order-056,A0 B0 A2 B1 A1 B2,BAB
order-057,A0 B0 A2 B1 B2 A1,BAB
order-058,A0 B0 A2 B2 A1 B1,BBB
order-059,A0 B0 A2 B2 B1 A1,BAB
order-060,A0 B0 B1 A1 A2 B2,BAB
order-061,A0 B0 B1 A1 B2 A2,BAA
order-062,A0 B0 B1 A2 A1 B2,BAB
order-063,A0 B0 B1 A2 B2 A1,BAB
order-064,A0 B0 B1 B2 A1 A2,BAA
order-065,A0 B0 B1 B2 A2 A1,BAA
order-066,A0 B0 B2 A1 A2 B1,BBA
order-067,A0 B0 B2 A1 B1 A2,BBA
order-068,A0 B0 B2 A2 A1 B1,BBA
order-069,A0 B0 B2 A2 B1 A1,BAA
order-070,A0 B0 B2 B1 A1 A2,BAA
order-071,A0 B0 B2 B1 A2 A1,BAA
order-072,A0 B1 A1 A2 B0 B2,BAB
order-073,A0 B1 A1 A2 B2 B0,BAB
order-074,A0 B1 A1 B0 A2 B2,BAB
order-075,A0 B1 A1 B0 B2 A2,BAA
order-076,A0 B1 A1 B2 A2 B0,BAA
order-077,A0 B1 A1 B2 B0 A2,BAA
order-078,A0 B1 A2 A1 B0 B2,BAB
order-079,A0 B1 A2 A1 B2 B0,BAB
order-080,A0 B1 A2 B0 A1 B2,BAB
order-081,A0 B1 A2 B0 B2 A1,BAB
order-082,A0 B1 A2 B2 A1 B0,BAB
order-083,A0 B1 A2 B2 B0 A1,BAB
order-084,A0 B1 B0 A1 A2 B2,BAB
order-085,A0 B1 B0 A1 B2 A2,BAA
order-086,A0 B1 B0 A2 A1 B2,BAB
order-087,A0 B1 B0 A2 B2 A1,BAB
order-088,A0 B1 B0 B2 A1 A2,BAA
order-089,A0 B1 B0 B2 A2 A1,BAA
order-090,A0 B1 B2 A1 A2 B0,BAA
order-091,A0 B1 B2 A1 B0 A2,BAA
order-092,A0 B1 B2 A2 A1 B0,BAA
order-093,A0 B1 B2 A2 B0 A1,BAA
order-094,A0 B1 B2 B0 A1 A2,BAA
order-095,A0 B1 B2 B0 A2 A1,BAA
order-096,A0 B2 A1 A2 B0 B1,BBA
order-097,A0 B2 A1 A2 B1 B0,BBA
order-098,A0 B2 A1 B0 A2 B1,BBA
order-099,A0 B2 A1 B0 B1 A2,BBA
order-100,A0 B2 A1 B1 A2 B0,BBA
order-101,A0 B2 A1 B1 B0 A2,BBA
order-102,A0 B2 A2 A1 B0 B1,BBA
order-103,A0 B2 A2 A1 B1 B0,BBA
order-104,A0 B2 A2 B0 A1 B1,BBA
order-105,A0 B2 A2 B0 B1 A1,BAA
order-106,A0 B2 A2 B1 A1 B0,BAA
order-107,A0 B2 A2 B1 B0 A1,BAA
order-108,A0 B2 B0 A1 A2 B1,BBA
order-109,A0 B2 B0 A1 B1 A2,BBA
order-110,A0 B2 B0 A2 A1 B1,BBA
order-111,A0 B2 B0 A2 B1 A1,BAA
order-112,A0 B2 B0 B1 A1 A2,BAA
order-113,A0 B2 B0 B1 A2 A1,BAA
order-114,A0 B2 B1 A1 A2 B0,BAA
order-115,A0 B2 B1 A1 B0 A2,BAA
order-116,A0 B2 B1 A2 A1 B0,BAA
order-117,A0 B2 B1 A2 B0 A1,BAA
order-118,A0 B2 B1 B0 A1 A2,BAA
order-119,A0 B2 B1 B0 A2 A1,BAA
order-120,A1 A0 A2 B0 B1 B2,BBB
order-121,A1 A0 A2 B0 B2 B1,BBB
order-122,A1 A0 A2 B1 B0 B2,BBB
order-123,A1 A0 A2 B1 B2 B0,BBB
order-124,A1 A0 A2 B2 B0 B1,BBB
order-125,A1 A0 A2 B2 B1 B0,BBB
order-126,A1 A0 B0 A2 B1 B2,BBB
order-127,A1 A0 B0 A2 B2 B1,BBB
order-128,A1 A0 B0 B1 A2 B2,BBB
order-129,A1 A0 B0 B1 B2 A2,BBA
order-130,A1 A0 B0 B2 A2 B1,BBA
order-131,A1 A0 B0 B2 B1 A2,BBA
order-132,A1 A0 B1 A2 B0 B2,BBB
order-133,A1 A0 B1 A2 B2 B0,BBB
order-134,A1 A0 B1 B0 A2 B2,BBB
order-135,A1 A0 B1 B0 B2 A2,BBA
order-136,A1 A0 B1 B2 A2 B0,BBA
order-137,A1 A0 B1 B2 B0 A2,BBA
order-138,A1 A0 B2 A2 B0 B1,BBA
order-139,A1 A0 B2 A2 B1 B0,BBA
order-140,A1 A0 B2 B0 A2 B1,BBA
order-141,A1 A0 B2 B0 B1 A2,BBA
order-142,A1 A0 B2 B1 A2 B0,BBA
order-143,A1 A0 B2 B1 B0 A2,BBA
order-144,A1 A2 A0 B0 B1 B2,BBB
order-145,A1 A2 A0 B0 B2 B1,BBB
order-146,A1 A2 A0 B1 B0 B2,BBB
order-147,A1 A2 A0 B1 B2 B0,BBB
order-148,A1 A2 A0 B2 B0 B1,BBB
order-149,A1 A2 A0 B2 B1 B0,BBB
order-150,A1 A2 B0 A0 B1 B2,ABB
order-151,A1 A2 B0 A0 B2 B1,ABB
order-152,A1 A2 B0 B1 A0 B2,ABB
order-153,A1 A2 B0 B1 B2 A0,ABB
order-154,A1 A2 B0 B2 A0 B1,ABB
order-155,A1 A2 B0 B2 B1 A0,ABB
order-156,A1 A2 B1 A0 B0 B2,BBB
order-157,A1 A2 B1 A0 B2 B0,BBB
order-158,A1 A2 B1 B0 A0 B2,ABB
order-159,A1 A2 B1 B0 B2 A0,ABB
order-160,A1 A2 B1 B2 A0 B0,BBB
order-161,A1 A2 B1 B2 B0 A0,ABB
order-162,A1 A2 B2 A0 B0 B1,BBB
order-163,A1 A2 B2 A0 B1 B0,BBB
order-164,A1 A2 B2 B0 A0 B1,ABB
order-165,A1 A2 B2 B0 B1 A0,ABB
order-166,A1 A2 B2 B1 A0 B0,BBB
order-167,A1 A2 B2 B1 B0 A0,ABB
order-168,A1 B0 A0 A2 B1 B2,ABB
order-169,A1 B0 A0 A2 B2 B1,ABB
order-170,A1 B0 A0 B1 A2 B2,ABB
order-171,A1 B0 A0 B1 B2 A2,ABA
order-172,A1 B0 A0 B2 A2 B1,ABA
order-173,A1 B0 A0 B2 B1 A2,ABA
order-174,A1 B0 A2 A0 B1 B2,ABB
order-175,A1 B0 A2 A0 B2 B1,ABB
order-176,A1 B0 A2 B1 A0 B2,ABB
order-177,A1 B0 A2 B1 B2 A0,ABB
order-178,A1 B0 A2 B2 A0 B1,ABB
order-179,A1 B0 A2 B2 B1 A0,ABB
order-180,A1 B0 B1 A0 A2 B2,ABB
order-181,A1 B0 B1 A0 B2 A2,ABA
order-182,A1 B0 B1 A2 A0 B2,ABB
order-183,A1 B0 B1 A2 B2 A0,ABB
order-184,A1 B0 B1 B2 A0 A2,ABA
order-185,A1 B0 B1 B2 A2 A0,ABA
order-186,A1 B0 B2 A0 A2 B1,ABA
order-187,A1 B0 B2 A0 B1 A2,ABA
order-188,A1 B0 B2 A2 A0 B1,ABA
order-189,A1 B0 B2 A2 B1 A0,ABA
order-190,A1 B0 B2 B1 A0 A2,ABA
order-191,A1 B0 B2 B1 A2 A0,ABA
order-192,A1 B1 A0 A2 B0 B2,BBB
order-193,A1 B1 A0 A2 B2 B0,BBB
order-194,A1 B1 A0 B0 A2 B2,BBB
order-195,A1 B1 A0 B0 B2 A2,BBA
order-196,A1 B1 A0 B2 A2 B0,BBA
order-197,A1 B1 A0 B2 B0 A2,BBA
order-198,A1 B1 A2 A0 B0 B2,BBB
order-199,A1 B1 A2 A0 B2 B0,BBB
order-200,A1 B1 A2 B0 A0 B2,ABB
order-201,A1 B1 A2 B0 B2 A0,ABB
order-202,A1 B1 A2 B2 A0 B0,BBB
order-203,A1 B1 A2 B2 B0 A0,ABB
order-204,A1 B1 B0 A0 A2 B2,ABB
order-205,A1 B1 B0 A0 B2 A2,ABA
order-206,A1 B1 B0 A2 A0 B2,ABB
order-207,A1 B1 B0 A2 B2 A0,ABB
order-208,A1 B1 B0 B2 A0 A2,ABA
order-209,A1 B1 B0 B2 A2 A0,ABA
order-210,A1 B1 B2 A0 A2 B0,BBA
order-211,A1 B1 B2 A0 B0 A2,BBA
order-212,A1 B1 B2 A2 A0 B0,BBA
order-213,A1 B1 B2 A2 B0 A0,ABA
order-214,A1 B1 B2 B0 A0 A2,ABA
order-215,A1 B1 B2 B0 A2 A0,ABA
order-216,A1 B2 A0 A2 B0 B1,BBA
order-217,A1 B2 A0 A2 B1 B0,BBA
order-218,A1 B2 A0 B0 A2 B1,BBA
order-219,A1 B2 A0 B0 B1 A2,BBA
order-220,A1 B2 A0 B1 A2 B0,BBA
order-221,A1 B2 A0 B1 B0 A2,BBA
order-222,A1 B2 A2 A0 B0 B1,BBA
order-223,A1 B2 A2 A0 B1 B0,BBA
order-224,A1 B2 A2 B0 A0 B1,ABA
order-225,A1 B2 A2 B0 B1 A0,ABA
order-226,A1 B2 A2 B1 A0 B0,BBA
order-227,A1 B2 A2 B1 B0 A0,ABA
order-228,A1 B2 B0 A0 A2 B1,ABA
order-229,A1 B2 B0 A0 B1 A2,ABA
order-230,A1 B2 B0 A2 A0 B1,ABA
order-231,A1 B2 B0 A2 B1 A0,ABA
order-232,A1 B2 B0 B1 A0 A2,ABA
order-233,A1 B2 B0 B1 A2 A0,ABA
order-234,A1 B2 B1 A0 A2 B0,BBA
order-235,A1 B2 B1 A0 B0 A2,BBA
order-236,A1 B2 B1 A2 A0 B0,BBA
order-237,A1 B2 B1 A2 B0 A0,ABA
order-238,A1 B2 B1 B0 A0 A2,ABA
order-239,A1 B2 B1 B0 A2 A0,ABA
order-240,A2 A0 A1 B0 B1 B2,BBB
order-241,A2 A0 A1 B0 B2 B1,BBB
order-242,A2 A0 A1 B1 B0 B2,BBB
order-243,A2 A0 A1 B1 B2 B0,BBB
order-244,A2 A0 A1 B2 B0 B1,BBB
order-245,A2 A0 A1 B2 B1 B0,BBB
order-246,A2 A0 B0 A1 B1 B2,BBB
order-247,A2 A0 B0 A1 B2 B1,BBB
order-248,A2 A0 B0 B1 A1 B2,BAB
order-249,A2 A0 B0 B1 B2 A1,BAB
order-250,A2 A0 B0 B2 A1 B1,BBB
order-251,A2 A0 B0 B2 B1 A1,BAB
order-252,A2 A0 B1 A1 B0 B2,BAB
order-253,A2 A0 B1 A1 B2 B0,BAB
order-254,A2 A0 B1 B0 A1 B2,BAB
order-255,A2 A0 B1 B0 B2 A1,BAB
order-256,A2 A0 B1 B2 A1 B0,BAB
order-257,A2 A0 B1 B2 B0 A1,BAB
order-258,A2 A0 B2 A1 B0 B1,BBB
order-259,A2 A0 B2 A1 B1 B0,BBB
order-260,A2 A0 B2 B0 A1 B1,BBB
order-261,A2 A0 B2 B0 B1 A1,BAB
order-262,A2 A0 B2 B1 A1 B0,BAB
order-263,A2 A0 B2 B1 B0 A1,BAB
order-264,A2 A1 A0 B0 B1 B2,BBB
order-265,A2 A1 A0 B0 B2 B1,BBB
order-266,A2 A1 A0 B1 B0 B2,BBB
order-267,A2 A1 A0 B1 B2 B0,BBB
order-268,A2 A1 A0 B2 B0 B1,BBB
order-269,A2 A1 A0 B2 B1 B0,BBB
order-270,A2 A1 B0 A0 B1 B2,ABB
order-271,A2 A1 B0 A0 B2 B1,ABB
order-272,A2 A1 B0 B1 A0 B2,ABB
order-273,A2 A1 B0 B1 B2 A0,ABB
order-274,A2 A1 B0 B2 A0 B1,ABB
order-275,A2 A1 B0 B2 B1 A0,ABB
order-276,A2 A1 B1 A0 B0 B2,BBB
order-277,A2 A1 B1 A0 B2 B0,BBB
order-278,A2 A1 B1 B0 A0 B2,ABB
order-279,A2 A1 B1 B0 B2 A0,ABB
order-280,A2 A1 B1 B2 A0 B0,BBB
order-281,A2 A1 B1 B2 B0 A0,ABB
order-282,A2 A1 B2 A0 B0 B1,BBB
order-283,A2 A1 B2 A0 B1 B0,BBB
order-284,A2 A1 B2 B0 A0 B1,ABB
order-285,A2 A1 B2 B0 B1 A0,ABB
order-286,A2 A1 B2 B1 A0 B0,BBB
order-287,A2 A1 B2 B1 B0 A0,ABB
order-288,A2 B0 A0 A1 B1 B2,ABB
order-289,A2 B0 A0 A1 B2 B1,ABB
order-290,A2 B0 A0 B1 A1 B2,AAB
order-291,A2 B0 A0 B1 B2 A1,AAB
order-292,A2 B0 A0 B2 A1 B1,ABB
order-293,A2 B0 A0 B2 B1 A1,AAB
order-294,A2 B0 A1 A0 B1 B2,ABB
order-295,A2 B0 A1 A0 B2 B1,ABB
order-296,A2 B0 A1 B1 A0 B2,ABB
order-297,A2 B0 A1 B1 B2 A0,ABB
order-298,A2 B0 A1 B2 A0 B1,ABB
order-299,A2 B0 A1 B2 B1 A0,ABB
order-300,A2 B0 B1 A0 A1 B2,AAB
order-301,A2 B0 B1 A0 B2 A1,AAB
order-302,A2 B0 B1 A1 A0 B2,AAB
order-303,A2 B0 B1 A1 B2 A0,AAB
order-304,A2 B0 B1 B2 A0 A1,AAB
order-305,A2 B0 B1 B2 A1 A0,AAB
order-306,A2 B0 B2 A0 A1 B1,ABB
order-307,A2 B0 B2 A0 B1 A1,AAB
order-308,A2 B0 B2 A1 A0 B1,ABB
order-309,A2 B0 B2 A1 B1 A0,ABB
order-310,A2 B0 B2 B1 A0 A1,AAB
order-311,A2 B0 B2 B1 A1 A0,AAB
order-312,A2 B1 A0 A1 B0 B2,BAB
order-313,A2 B1 A0 A1 B2 B0,BAB
order-314,A2 B1 A0 B0 A1 B2,BAB
order-315,A2 B1 A0 B0 B2 A1,BAB
order-316,A2 B1 A0 B2 A1 B0,BAB
order-317,A2 B1 A0 B2 B0 A1,BAB
order-318,A2 B1 A1 A0 B0 B2,BAB
order-319,A2 B1 A1 A0 B2 B0,BAB
order-320,A2 B1 A1 B0 A0 B2,AAB
order-321,A2 B1 A1 B0 B2 A0,AAB
order-322,A2 B1 A1 B2 A0 B0,BAB
order-323,A2 B1 A1 B2 B0 A0,AAB
order-324,A2 B1 B0 A0 A1 B2,AAB
order-325,A2 B1 B0 A0 B2 A1,AAB
order-326,A2 B1 B0 A1 A0 B2,AAB
order-327,A2 B1 B0 A1 B2 A0,AAB
order-328,A2 B1 B0 B2 A0 A1,AAB
order-329,A2 B1 B0 B2 A1 A0,AAB
order-330,A2 B1 B2 A0 A1 B0,BAB
order-331,A2 B1 B2 A0 B0 A1,BAB
order-332,A2 B1 B2 A1 A0 B0,BAB
order-333,A2 B1 B2 A1 B0 A0,AAB
order-334,A2 B1 B2 B0 A0 A1,AAB
order-335,A2 B1 B2 B0 A1 A0,AAB
order-336,A2 B2 A0 A1 B0 B1,BBB
order-337,A2 B2 A0 A1 B1 B0,BBB
order-338,A2 B2 A0 B0 A1 B1,BBB
order-339,A2 B2 A0 B0 B1 A1,BAB
order-340,A2 B2 A0 B1 A1 B0,BAB
order-341,A2 B2 A0 B1 B0 A1,BAB
order-342,A2 B2 A1 A0 B0 B1,BBB
order-343,A2 B2 A1 A0 B1 B0,BBB
order-344,A2 B2 A1 B0 A0 B1,ABB
order-345,A2 B2 A1 B0 B1 A0,ABB
order-346,A2 B2 A1 B1 A0 B0,BBB
order-347,A2 B2 A1 B1 B0 A0,ABB
order-348,A2 B2 B0 A0 A1 B1,ABB
order-349,A2 B2 B0 A0 B1 A1,AAB
order-350,A2 B2 B0 A1 A0 B1,ABB
order-351,A2 B2 B0 A1 B1 A0,ABB
order-352,A2 B2 B0 B1 A0 A1,AAB
order-353,A2 B2 B0 B1 A1 A0,AAB
order-354,A2 B2 B1 A0 A1 B0,BAB
order-355,A2 B2 B1 A0 B0 A1,BAB
order-356,A2 B2 B1 A1 A0 B0,BAB
order-357,A2 B2 B1 A1 B0 A0,AAB
order-358,A2 B2 B1 B0 A0 A1,AAB
order-359,A2 B2 B1 B0 A1 A0,AAB
order-360,B0 A0 A1 A2 B1 B2,ABB
order-361,B0 A0 A1 A2 B2 B1,ABB
order-362,B0 A0 A1 B1 A2 B2,ABB
order-363,B0 A0 A1 B1 B2 A2,ABA
order-364,B0 A0 A1 B2 A2 B1,ABA
order-365,B0 A0 A1 B2 B1 A2,ABA
order-366,B0 A0 A2 A1 B1 B2,ABB
order-367,B0 A0 A2 A1 B2 B1,ABB
order-368,B0 A0 A2 B1 A1 B2,AAB
order-369,B0 A0 A2 B1 B2 A1,AAB
order-370,B0 A0 A2 B2 A1 B1,ABB
order-371,B0 A0 A2 B2 B1 A1,AAB
order-372,B0 A0 B1 A1 A2 B2,AAB
order-373,B0 A0 B1 A1 B2 A2,AAA
order-374,B0 A0 B1 A2 A1 B2,AAB
order-375,B0 A0 B1 A2 B2 A1,AAB
order-376,B0 A0 B1 B2 A1 A2,AAA
order-377,B0 A0 B1 B2 A2 A1,AAA
order-378,B0 A0 B2 A1 A2 B1,ABA
order-379,B0 A0 B2 A1 B1 A2,ABA
order-380,B0 A0 B2 A2 A1 B1,ABA
order-381,B0 A0 B2 A2 B1 A1,AAA
order-382,B0 A0 B2 B1 A1 A2,AAA
order-383,B0 A0 B2 B1 A2 A1,AAA
order-384,B0 A1 A0 A2 B1 B2,ABB
order-385,B0 A1 A0 A2 B2 B1,ABB
order-386,B0 A1 A0 B1 A2 B2,ABB
order-387,B0 A1 A0 B1 B2 A2,ABA
order-388,B0 A1 A0 B2 A2 B1,ABA
order-389,B0 A1 A0 B2 B1 A2,ABA
order-390,B0 A1 A2 A0 B1 B2,ABB
order-391,B0 A1 A2 A0 B2 B1,ABB
order-392,B0 A1 A2 B1 A0 B2,ABB
order-393,B0 A1 A2 B1 B2 A0,ABB
order-394,B0 A1 A2 B2 A0 B1,ABB
order-395,B0 A1 A2 B2 B1 A0,ABB
order-396,B0 A1 B1 A0 A2 B2,ABB
order-397,B0 A1 B1 A0 B2 A2,ABA
order-398,B0 A1 B1 A2 A0 B2,ABB
order-399,B0 A1 B1 A2 B2 A0,ABB
order-400,B0 A1 B1 B2 A0 A2,ABA
order-401,B0 A1 B1 B2 A2 A0,ABA
order-402,B0 A1 B2 A0 A2 B1,ABA
order-403,B0 A1 B2 A0 B1 A2,ABA
order-404,B0 A1 B2 A2 A0 B1,ABA
order-405,B0 A1 B2 A2 B1 A0,ABA
order-406,B0 A1 B2 B1 A0 A2,ABA
order-407,B0 A1 B2 B1 A2 A0,ABA
order-408,B0 A2 A0 A1 B1 B2,ABB
order-409,B0 A2 A0 A1 B2 B1,ABB
order-410,B0 A2 A0 B1 A1 B2,AAB
order-411,B0 A2 A0 B1 B2 A1,AAB
order-412,B0 A2 A0 B2 A1 B1,ABB
order-413,B0 A2 A0 B2 B1 A1,AAB
order-414,B0 A2 A1 A0 B1 B2,ABB
order-415,B0 A2 A1 A0 B2 B1,ABB
order-416,B0 A2 A1 B1 A0 B2,ABB
order-417,B0 A2 A1 B1 B2 A0,ABB
order-418,B0 A2 A1 B2 A0 B1,ABB
order-419,B0 A2 A1 B2 B1 A0,ABB
order-420,B0 A2 B1 A0 A1 B2,AAB
order-421,B0 A2 B1 A0 B2 A1,AAB
order-422,B0 A2 B1 A1 A0 B2,AAB
order-423,B0 A2 B1 A1 B2 A0,AAB
order-424,B0 A2 B1 B2 A0 A1,AAB
order-425,B0 A2 B1 B2 A1 A0,AAB
order-426,B0 A2 B2 A0 A1 B1,ABB
order-427,B0 A2 B2 A0 B1 A1,AAB
order-428,B0 A2 B2 A1 A0 B1,ABB
order-429,B0 A2 B2 A1 B1 A0,ABB
order-430,B0 A2 B2 B1 A0 A1,AAB
order-431,B0 A2 B2 B1 A1 A0,AAB
order-432,B0 B1 A0 A1 A2 B2,AAB
order-433,B0 B1 A0 A1 B2 A2,AAA
order-434,B0 B1 A0 A2 A1 B2,AAB
order-435,B0 B1 A0 A2 B2 A1,AAB
order-436,B0 B1 A0 B2 A1 A2,AAA
order-437,B0 B1 A0 B2 A2 A1,AAA
order-438,B0 B1 A1 A0 A2 B2,AAB
order-439,B0 B1 A1 A0 B2 A2,AAA
order-440,B0 B1 A1 A2 A0 B2,AAB
order-441,B0 B1 A1 A2 B2 A0,AAB
order-442,B0 B1 A1 B2 A0 A2,AAA
order-443,B0 B1 A1 B2 A2 A0,AAA
order-444,B0 B1 A2 A0 A1 B2,AAB
order-445,B0 B1 A2 A0 B2 A1,AAB
order-446,B0 B1 A2 A1 A0 B2,AAB
order-447,B0 B1 A2 A1 B2 A0,AAB
order-448,B0 B1 A2 B2 A0 A1,AAB
order-449,B0 B1 A2 B2 A1 A0,AAB
order-450,B0 B1 B2 A0 A1 A2,AAA
order-451,B0 B1 B2 A0 A2 A1,AAA
order-452,B0 B1 B2 A1 A0 A2,AAA
order-453,B0 B1 B2 A1 A2 A0,AAA
order-454,B0 B1 B2 A2 A0 A1,AAA
order-455,B0 B1 B2 A2 A1 A0,AAA
order-456,B0 B2 A0 A1 A2 B1,ABA
order-457,B0 B2 A0 A1 B1 A2,ABA
order-458,B0 B2 A0 A2 A1 B1,ABA
order-459,B0 B2 A0 A2 B1 A1,AAA
order-460,B0 B2 A0 B1 A1 A2,AAA
order-461,B0 B2 A0 B1 A2 A1,AAA
order-462,B0 B2 A1 A0 A2 B1,ABA
order-463,B0 B2 A1 A0 B1 A2,ABA
order-464,B0 B2 A1 A2 A0 B1,ABA
order-465,B0 B2 A1 A2 B1 A0,ABA
order-466,B0 B2 A1 B1 A0 A2,ABA
order-467,B0 B2 A1 B1 A2 A0,ABA
order-468,B0 B2 A2 A0 A1 B1,ABA
order-469,B0 B2 A2 A0 B1 A1,AAA
order-470,B0 B2 A2 A1 A0 B1,ABA
order-471,B0 B2 A2 A1 B1 A0,ABA
order-472,B0 B2 A2 B1 A0 A1,AAA
order-473,B0 B2 A2 B1 A1 A0,AAA
order-474,B0 B2 B1 A0 A1 A2,AAA
order-475,B0 B2 B1 A0 A2 A1,AAA
order-476,B0 B2 B1 A1 A0 A2,AAA
order-477,B0 B2 B1 A1 A2 A0,AAA
order-478,B0 B2 B1 A2 A0 A1,AAA
order-479,B0 B2 B1 A2 A1 A0,AAA
order-480,B1 A0 A1 A2 B0 B2,BAB
order-481,B1 A0 A1 A2 B2 B0,BAB
order-482,B1 A0 A1 B0 A2 B2,BAB
order-483,B1 A0 A1 B0 B2 A2,BAA
order-484,B1 A0 A1 B2 A2 B0,BAA
order-485,B1 A0 A1 B2 B0 A2,BAA
order-486,B1 A0 A2 A1 B0 B2,BAB
order-487,B1 A0 A2 A1 B2 B0,BAB
order-488,B1 A0 A2 B0 A1 B2,BAB
order-489,B1 A0 A2 B0 B2 A1,BAB
order-490,B1 A0 A2 B2 A1 B0,BAB
order-491,B1 A0 A2 B2 B0 A1,BAB
order-492,B1 A0 B0 A1 A2 B2,BAB
order-493,B1 A0 B0 A1 B2 A2,BAA
order-494,B1 A0 B0 A2 A1 B2,BAB
order-495,B1 A0 B0 A2 B2 A1,BAB
order-496,B1 A0 B0 B2 A1 A2,BAA
order-497,B1 A0 B0 B2 A2 A1,BAA
order-498,B1 A0 B2 A1 A2 B0,BAA
order-499,B1 A0 B2 A1 B0 A2,BAA
order-500,B1 A0 B2 A2 A1 B0,BAA
order-501,B1 A0 B2 A2 B0 A1,BAA
order-502,B1 A0 B2 B0 A1 A2,BAA
order-503,B1 A0 B2 B0 A2 A1,BAA
order-504,B1 A1 A0 A2 B0 B2,BAB
order-505,B1 A1 A0 A2 B2 B0,BAB
order-506,B1 A1 A0 B0 A2 B2,BAB
order-507,B1 A1 A0 B0 B2 A2,BAA
order-508,B1 A1 A0 B2 A2 B0,BAA
order-509,B1 A1 A0 B2 B0 A2,BAA
order-510,B1 A1 A2 A0 B0 B2,BAB
order-511,B1 A1 A2 A0 B2 B0,BAB
order-512,B1 A1 A2 B0 A0 B2,AAB
order-513,B1 A1 A2 B0 B2 A0,AAB
order-514,B1 A1 A2 B2 A0 B0,BAB
order-515,B1 A1 A2 B2 B0 A0,AAB
order-516,B1 A1 B0 A0 A2 B2,AAB
order-517,B1 A1 B0 A0 B2 A2,AAA
order-518,B1 A1 B0 A2 A0 B2,AAB
order-519,B1 A1 B0 A2 B2 A0,AAB
order-520,B1 A1 B0 B2 A0 A2,AAA
order-521,B1 A1 B0 B2 A2 A0,AAA
order-522,B1 A1 B2 A0 A2 B0,BAA
order-523,B1 A1 B2 A0 B0 A2,BAA
order-524,B1 A1 B2 A2 A0 B0,BAA
order-525,B1 A1 B2 A2 B0 A0,AAA
order-526,B1 A1 B2 B0 A0 A2,AAA
order-527,B1 A1 B2 B0 A2 A0,AAA
order-528,B1 A2 A0 A1 B0 B2,BAB
order-529,B1 A2 A0 A1 B2 B0,BAB
order-530,B1 A2 A0 B0 A1 B2,BAB
order-531,B1 A2 A0 B0 B2 A1,BAB
order-532,B1 A2 A0 B2 A1 B0,BAB
order-533,B1 A2 A0 B2 B0 A1,BAB
order-534,B1 A2 A1 A0 B0 B2,BAB
order-535,B1 A2 A1 A0 B2 B0,BAB
order-536,B1 A2 A1 B0 A0 B2,AAB
order-537,B1 A2 A1 B0 B2 A0,AAB
order-538,B1 A2 A1 B2 A0 B0,BAB
order-539,B1 A2 A1 B2 B0 A0,AAB
order-540,B1 A2 B0 A0 A1 B2,AAB
order-541,B1 A2 B0 A0 B2 A1,AAB
order-542,B1 A2 B0 A1 A0 B2,AAB
order-543,B1 A2 B0 A1 B2 A0,AAB
order-544,B1 A2 B0 B2 A0 A1,AAB
order-545,B1 A2 B0 B2 A1 A0,AAB
order-546,B1 A2 B2 A0 A1 B0,BAB
order-547,B1 A2 B2 A0 B0 A1,BAB
order-548,B1 A2 B2 A1 A0 B0,BAB
order-549,B1 A2 B2 A1 B0 A0,AAB
order-550,B1 A2 B2 B0 A0 A1,AAB
order-551,B1 A2 B2 B0 A1 A0,AAB
order-552,B1 B0 A0 A1 A2 B2,AAB
order-553,B1 B0 A0 A1 B2 A2,AAA
order-554,B1 B0 A0 A2 A1 B2,AAB
order-555,B1 B0 A0 A2 B2 A1,AAB
order-556,B1 B0 A0 B2 A1 A2,AAA
order-557,B1 B0 A0 B2 A2 A1,AAA
order-558,B1 B0 A1 A0 A2 B2,AAB
order-559,B1 B0 A1 A0 B2 A2,AAA
order-560,B1 B0 A1 A2 A0 B2,AAB
order-561,B1 B0 A1 A2 B2 A0,AAB
order-562,B1 B0 A1 B2 A0 A2,AAA
order-563,B1 B0 A1 B2 A2 A0,AAA
order-564,B1 B0 A2 A0 A1 B2,AAB
order-565,B1 B0 A2 A0 B2 A1,AAB
order-566,B1 B0 A2 A1 A0 B2,AAB
order-567,B1 B0 A2 A1 B2 A0,AAB
order-568,B1 B0 A2 B2 A0 A1,AAB
order-569,B1 B0 A2 B2 A1 A0,AAB
order-570,B1 B0 B2 A0 A1 A2,AAA
order-571,B1 B0 B2 A0 A2 A1,AAA
order-572,B1 B0 B2 A1 A0 A2,AAA
order-573,B1 B0 B2 A1 A2 A0,AAA
order-574,B1 B0 B2 A2 A0 A1,AAA
order-575,B1 B0 B2 A2 A1 A0,AAA
order-576,B1 B2 A0 A1 A2 B0,BAA
order-577,B1 B2 A0 A1 B0 A2,BAA
order-578,B1 B2 A0 A2 A1 B0,BAA
order-579,B1 B2 A0 A2 B0 A1,BAA
order-580,B1 B2 A0 B0 A1 A2,BAA
order-581,B1 B2 A0 B0 A2 A1,BAA
order-582,B1 B2 A1 A0 A2 B0,BAA
order-583,B1 B2 A1 A0 B0 A2,BAA
order-584,B1 B2 A1 A2 A0 B0,BAA
order-585,B1 B2 A1 A2 B0 A0,AAA
order-586,B1 B2 A1 B0 A0 A2,AAA
order-587,B1 B2 A1 B0 A2 A0,AAA
order-588,B1 B2 A2 A0 A1 B0,BAA
order-589,B1 B2 A2 A0 B0 A1,BAA
order-590,B1 B2 A2 A1 A0 B0,BAA
order-591,B1 B2 A2 A1 B0 A0,AAA
order-592,B1 B2 A2 B0 A0 A1,AAA
order-593,B1 B2 A2 B0 A1 A0,AAA
order-594,B1 B2 B0 A0 A1 A2,AAA
order-595,B1 B2 B0 A0 A2 A1,AAA
order-596,B1 B2 B0 A1 A0 A2,AAA
order-597,B1 B2 B0 A1 A2 A0,AAA
order-598,B1 B2 B0 A2 A0 A1,AAA
order-599,B1 B2 B0 A2 A1 A0,AAA
order-600,B2 A0 A1 A2 B0 B1,BBA
order-601,B2 A0 A1 A2 B1 B0,BBA
order-602,B2 A0 A1 B0 A2 B1,BBA
order-603,B2 A0 A1 B0 B1 A2,BBA
order-604,B2 A0 A1 B1 A2 B0,BBA
order-605,B2 A0 A1 B1 B0 A2,BBA
order-606,B2 A0 A2 A1 B0 B1,BBA
order-607,B2 A0 A2 A1 B1 B0,BBA
order-608,B2 A0 A2 B0 A1 B1,BBA
order-609,B2 A0 A2 B0 B1 A1,BAA
order-610,B2 A0 A2 B1 A1 B0,BAA
order-611,B2 A0 A2 B1 B0 A1,BAA
order-612,B2 A0 B0 A1 A2 B1,BBA
order-613,B2 A0 B0 A1 B1 A2,BBA
order-614,B2 A0 B0 A2 A1 B1,BBA
order-615,B2 A0 B0 A2 B1 A1,BAA
order-616,B2 A0 B0 B1 A1 A2,BAA
order-617,B2 A0 B0 B1 A2 A1,BAA
order-618,B2 A0 B1 A1 A2 B0,BAA
order-619,B2 A0 B1 A1 B0 A2,BAA
order-620,B2 A0 B1 A2 A1 B0,BAA
order-621,B2 A0 B1 A2 B0 A1,BAA
order-622,B2 A0 B1 B0 A1 A2,BAA
order-623,B2 A0 B1 B0 A2 A1,BAA
order-624,B2 A1 A0 A2 B0 B1,BBA
order-625,B2 A1 A0 A2 B1 B0,BBA
order-626,B2 A1 A0 B0 A2 B1,BBA
order-627,B2 A1 A0 B0 B1 A2,BBA
order-628,B2 A1 A0 B1 A2 B0,BBA
order-629,B2 A1 A0 B1 B0 A2,BBA
order-630,B2 A1 A2 A0 B0 B1,BBA
order-631,B2 A1 A2 A0 B1 B0,BBA
order-632,B2 A1 A2 B0 A0 B1,ABA
order-633,B2 A1 A2 B0 B1 A0,ABA
order-634,B2 A1 A2 B1 A0 B0,BBA
order-635,B2 A1 A2 B1 B0 A0,ABA
order-636,B2 A1 B0 A0 A2 B1,ABA
order-637,B2 A1 B0 A0 B1 A2,ABA
order-638,B2 A1 B0 A2 A0 B1,ABA
order-639,B2 A1 B0 A2 B1 A0,ABA
order-640,B2 A1 B0 B1 A0 A2,ABA
order-641,B2 A1 B0 B1 A2 A0,ABA
order-642,B2 A1 B1 A0 A2 B0,BBA
order-643,B2 A1 B1 A0 B0 A2,BBA
order-644,B2 A1 B1 A2 A0 B0,BBA
order-645,B2 A1 B1 A2 B0 A0,ABA
order-646,B2 A1 B1 B0 A0 A2,ABA
order-647,B2 A1 B1 B0 A2 A0,ABA
order-648,B2 A2 A0 A1 B0 B1,BBA
order-649,B2 A2 A0 A1 B1 B0,BBA
order-650,B2 A2 A0 B0 A1 B1,BBA
order-651,B2 A2 A0 B0 B1 A1,BAA
order-652,B2 A2 A0 B1 A1 B0,BAA
order-653,B2 A2 A0 B1 B0 A1,BAA
order-654,B2 A2 A1 A0 B0 B1,BBA
order-655,B2 A2 A1 A0 B1 B0,BBA
order-656,B2 A2 A1 B0 A0 B1,ABA
order-657,B2 A2 A1 B0 B1 A0,ABA
order-658,B2 A2 A1 B1 A0 B0,BBA
order-659,B2 A2 A1 B1 B0 A0,ABA
order-660,B2 A2 B0 A0 A1 B1,ABA
order-661,B2 A2 B0 A0 B1 A1,AAA
order-662,B2 A2 B0 A1 A0 B1,ABA
order-663,B2 A2 B0 A1 B1 A0,ABA
order-664,B2 A2 B0 B1 A0 A1,AAA
order-665,B2 A2 B0 B1 A1 A0,AAA
order-666,B2 A2 B1 A0 A1 B0,BAA
order-667,B2 A2 B1 A0 B0 A1,BAA
order-668,B2 A2 B1 A1 A0 B0,BAA
order-669,B2 A2 B1 A1 B0 A0,AAA
order-670,B2 A2 B1 B0 A0 A1,AAA
order-671,B2 A2 B1 B0 A1 A0,AAA
order-672,B2 B0 A0 A1 A2 B1,ABA
order-673,B2 B0 A0 A1 B1 A2,ABA
order-674,B2 B0 A0 A2 A1 B1,ABA
order-675,B2 B0 A0 A2 B1 A1,AAA
order-676,B2 B0 A0 B1 A1 A2,AAA
order-677,B2 B0 A0 B1 A2 A1,AAA
order-678,B2 B0 A1 A0 A2 B1,ABA
order-679,B2 B0 A1 A0 B1 A2,ABA
order-680,B2 B0 A1 A2 A0 B1,ABA
order-681,B2 B0 A1 A2 B1 A0,ABA
order-682,B2 B0 A1 B1 A0 A2,ABA
order-683,B2 B0 A1 B1 A2 A0,ABA
order-684,B2 B0 A2 A0 A1 B1,ABA
order-685,B2 B0 A2 A0 B1 A1,AAA
order-686,B2 B0 A2 A1 A0 B1,ABA
order-687,B2 B0 A2 A1 B1 A0,ABA
order-688,B2 B0 A2 B1 A0 A1,AAA
order-689,B2 B0 A2 B1 A1 A0,AAA
order-690,B2 B0 B1 A0 A1 A2,AAA
order-691,B2 B0 B1 A0 A2 A1,AAA
order-692,B2 B0 B1 A1 A0 A2,AAA
order-693,B2 B0 B1 A1 A2 A0,AAA
order-694,B2 B0 B1 A2 A0 A1,AAA
order-695,B2 B0 B1 A2 A1 A0,AAA
order-696,B2 B1 A0 A1 A2 B0,BAA
order-697,B2 B1 A0 A1 B0 A2,BAA
order-698,B2 B1 A0 A2 A1 B0,BAA
order-699,B2 B1 A0 A2 B0 A1,BAA
order-700,B2 B1 A0 B0 A1 A2,BAA
order-701,B2 B1 A0 B0 A2 A1,BAA
order-702,B2 B1 A1 A0 A2 B0,BAA
order-703,B2 B1 A1 A0 B0 A2,BAA
order-704,B2 B1 A1 A2 A0 B0,BAA
order-705,B2 B1 A1 A2 B0 A0,AAA
order-706,B2 B1 A1 B0 A0 A2,AAA
order-707,B2 B1 A1 B0 A2 A0,AAA
order-708,B2 B1 A2 A0 A1 B0,BAA
order-709,B2 B1 A2 A0 B0 A1,BAA
order-710,B2 B1 A2 A1 A0 B0,BAA
order-711,B2 B1 A2 A1 B0 A0,AAA
order-712,B2 B1 A2 B0 A0 A1,AAA
order-713,B2 B1 A2 B0 A1 A0,AAA
order-714,B2 B1 B0 A0 A1 A2,AAA
order-715,B2 B1 B0 A0 A2 A1,AAA
order-716,B2 B1 B0 A1 A0 A2,AAA
order-717,B2 B1 B0 A1 A2 A0,AAA
order-718,B2 B1 B0 A2 A0 A1,AAA
order-719,B2 B1 B0 A2 A1 A0,AAA
