server_slot,secret,assignments,distinct_views,maximum_multiplicity,distribution_digest,matches_secret_zero
0,0,625,625,1,9f3f4e3657224d63ff8c33c9fe250035cf08a9f31aacf1bd62d815471b7d7824,1
0,1,625,625,1,9f3f4e3657224d63ff8c33c9fe250035cf08a9f31aacf1bd62d815471b7d7824,1
0,2,625,625,1,9f3f4e3657224d63ff8c33c9fe250035cf08a9f31aacf1bd62d815471b7d7824,1
0,3,625,625,1,9f3f4e3657224d63ff8c33c9fe250035cf08a9f31aacf1bd62d815471b7d7824,1
0,4,625,625,1,9f3f4e3657224d63ff8c33c9fe250035cf08a9f31aacf1bd62d815471b7d7824,1
1,0,625,625,1,9f3f4e3657224d63ff8c33c9fe250035cf08a9f31aacf1bd62d815471b7d7824,1
1,1,625,625,1,9f3f4e3657224d63ff8c33c9fe250035cf08a9f31aacf1bd62d815471b7d7824,1
1,2,625,625,1,9f3f4e3657224d63ff8c33c9fe250035cf08a9f31aacf1bd62d815471b7d7824,1
1,3,625,625,1,9f3f4e3657224d63ff8c33c9fe250035cf08a9f31aacf1bd62d815471b7d7824,1
1,4,625,625,1,9f3f4e3657224d63ff8c33c9fe250035cf08a9f31aacf1bd62d815471b7d7824,1
2,0,625,625,1,9f3f4e3657224d63ff8c33c9fe250035cf08a9f31aacf1bd62d815471b7d7824,1
2,1,625,625,1,9f3f4e3657224d63ff8c33c9fe250035cf08a9f31aacf1bd62d815471b7d7824,1
2,2,625,625,1,9f3f4e3657224d63ff8c33c9fe250035cf08a9f31aacf1bd62d815471b7d7824,1
2,3,625,625,1,9f3f4e3657224d63ff8c33c9fe250035cf08a9f31aacf1bd62d815471b7d7824,1
2,4,625,625,1,9f3f4e3657224d63ff8c33c9fe250035cf08a9f31aacf1bd62d815471b7d7824,1
