modulus,coefficient,image_step,assignments,correct,correct_fraction,error_histogram
4,0,4,4,4,4/4,0:4;1:0;2:0;3:0
4,1,1,4,1,1/4,0:1;1:1;2:1;3:1
4,2,2,4,2,2/4,0:2;1:0;2:2;3:0
4,4,4,4,4,4/4,0:4;1:0;2:0;3:0
8,0,8,8,8,8/8,0:8;1:0;2:0;3:0;4:0;5:0;6:0;7:0
8,1,1,8,1,1/8,0:1;1:1;2:1;3:1;4:1;5:1;6:1;7:1
8,2,2,8,2,2/8,0:2;1:0;2:2;3:0;4:2;5:0;6:2;7:0
8,4,4,8,4,4/8,0:4;1:0;2:0;3:0;4:4;5:0;6:0;7:0
16,0,16,16,16,16/16,0:16;1:0;2:0;3:0;4:0;5:0;6:0;7:0;8:0;9:0;10:0;11:0;12:0;13:0;14:0;15:0
16,1,1,16,1,1/16,0:1;1:1;2:1;3:1;4:1;5:1;6:1;7:1;8:1;9:1;10:1;11:1;12:1;13:1;14:1;15:1
16,2,2,16,2,2/16,0:2;1:0;2:2;3:0;4:2;5:0;6:2;7:0;8:2;9:0;10:2;11:0;12:2;13:0;14:2;15:0
16,4,4,16,4,4/16,0:4;1:0;2:0;3:0;4:4;5:0;6:0;7:0;8:4;9:0;10:0;11:0;12:4;13:0;14:0;15:0
