claim_id,claim,maturity,argument,checker_or_source,raw_result,paper_location,fresh_recheck,independent_recheck,limitation
C01,Exact mixed-generation kernel criterion for fixed linear reconstruction,proved-written;finite-checked,proofs/arguments.md Section 9,src/churn/algebra.py,results/full/algebra.csv,Background and negative-control section,proof inspected; q=3 and q=5 histograms reproduced,none,Not a universal same-generation necessity theorem
C02,Fixed nonhomogeneous selectors have uniform field error in the minimal replicated and Shamir fixtures,proved-written;finite-checked,proofs/arguments.md Section 9,replicated_checks; shamir_checks,results/full/algebra.csv,Mixed-generation analysis,all frozen assignments checked,none,Fixed selector and independent masks; not adaptive
C03,One-slot replicated resharing preserves the shared vector,proved-written;unit-checked;finite-checked,proofs/arguments.md Lemma 1,src/churn/continuity.py; tests/test_contract.py,results/full/continuity_cases.csv,Protocol and Theorem 1,32 continuity cases; local-only survivor derivation; all replacement slots; subgroup/canonical-parser and authenticated-delivery regressions,none,Prime-field replicated sharing only
C04,The public links plus two-holder persist-after-verify receipts preserve the certified vector under the one-fault bound,conditional-proved;finite-checked,proofs/arguments.md Lemma 2 and Theorem 1,verify_certificate,results/full/continuity_cases.csv,Continuity certificate theorem,honest case accepted; five generated mutations and the eight-class unit matrix rejected; receipt-backed theorem premises rechecked,none,Public equations alone prove product-commitment equality; semantic continuity also needs certified old openings and one honest opening per new component
C05,Two persistence receipts per component preserve at least one available correct copy after one Byzantine or unavailable server,conditional-proved;finite-checked,proofs/arguments.md Lemma 3 and Theorem 2,certificate receipt-set verifier,results/full/continuity_cases.csv,Availability theorem,full receipt set accepted; missing and one-receipt controls rejected,none,Honest receipt means verified durable storage; at most one faulty/unavailable server
C06,The complete private/public view of one static protocol-following physical identity is independent of the state vector under the stated joint-blinding and channel assumptions,conditional-proved;finite-model-checked,proofs/arguments.md Lemmas 4-5 and Theorem 3,privacy_checks; reviewer_symbolic_check.py; src/churn/joint_view.py,results/full/privacy_views.csv; results/full/joint_view_privacy.csv; results/full/joint_view_privacy.json,Privacy theorem and separated-oracle evaluation,"9,375 algebraic subviews; 15 equal distributions; 4,096 exact joint views; 8 equal role/secret distributions; 64 rank witnesses",The joint checker is implementation-independent from continuity.py but remains authored within this artifact,"Private channels; independently uniform base and mask blindings; fixed protocol-following identity, slot binding, exact handoff, and no reentry; no malicious receiver, mobile corruption, two-server collusion, or signature-byte enumeration"
C07,Stable identifiers give one inclusion per epoch cut and later cuts contain earlier admissions,conditional-proved;unit-checked,proofs/arguments.md Lemmas 6-7,Ledger; tests/test_contract.py,results/validation/validation.json,Exactly-once model,stable retry/conflict/prefix tests rechecked,none,Ideal authenticated linearizable durable admission ledger
C08,A certified base cut remains exactly-once through any bounded chain of valid continuity certificates,conditional-proved,proofs/arguments.md Theorem 4,induction from C03-C07,proofs/arguments.md,Exactly-once continuity theorem,argument and claim dependencies rechecked,none,Base generation must correctly encode the sealed application state; exact membership/commitment handoff and fresh invariant contexts required
C09,Session-persisted deterministic replay is crash-safe under the modeled durable-store contract,conditional-proved;finite-checked,proofs/arguments.md Theorem 5,DurableServer; verify_private_delivery; protocol_cases,results/full/continuity_cases.csv,Crash recovery theorem,20 individual persistence boundaries resumed from empty outboxes; persist-before-receipt and deterministic replay tests passed,none,Crash-stop only; no media loss; eventual participant resumption
C10,A signed invalid random-mask opening is publicly checkable positive evidence,conditional-proved;finite-checked,proofs/arguments.md Proposition 1,verify_invalid_opening,results/full/continuity_cases.csv; results/full/continuity_evidence.json,Accountability section,valid opening rejected as blame; malformed independently signed MASK_OPENING accepted; replacement MASK_COMPONENT_OPENING rejected as public evidence,none,Authorization and signature assumptions; public evidence covers an independently signed random mask only; malformed replacement component envelopes remain private aborts
C11,Two same-context mask commitments from one signer are public equivocation evidence,conditional-proved;finite-checked,proofs/arguments.md Proposition 2,verify_equivocation,results/full/continuity_cases.csv,Accountability section,"exact same-target, same-dimension, different-root equivocation accepted; malformed/different-context controls rejected",none,Does not establish malicious intent or blame silence
C12,No finite-prefix detector can soundly and completely blame silence under unbounded delay,proved-written,proofs/arguments.md Proposition 3,indistinguishable-prefix argument,proofs/arguments.md,Accountability boundary,two-execution proof inspected,none,Timing assumptions or failure detectors may provide different guarantees
C13,The public certificate has constant cryptographic object count independent of state dimension,proved-written;measured-encoding,proofs/arguments.md Section 10,size_checks,results/full/certificate_sizes.csv,Complexity and evaluation,"dimensions 1,8,32,64; public 3,708--3,717 bytes; private 1,630--3,130 bytes",none,JSON byte count varies slightly; private traffic and storage remain linear
C14,Full immutable generation binding is necessary for the retained discriminating latest-state fixture,finite-checked-negative-control,proofs/arguments.md Section 9,schedule_checks,results/full/schedules.csv,Negative controls,all 720 orders rechecked,none,Synthetic fixture; not a deployment failure-rate estimate
C15,"The full continuity verifier rejects algebraic-link, receipt-body/context-generation inconsistency, receipt-quorum, and unchanged cross-context replay controls",finite-checked-negative-control,proofs/arguments.md Section 9,protocol_cases,results/full/continuity_cases.csv,Ablation table,three weakened verifiers accept only their intended synthetic counterexamples; unchanged old-context receipt bytes remain rejected even with the redundant body-generation equality disabled,none,"The body-generation case is freshly re-signed inconsistency, not an old-transfer replay; the separate raw transplant remains context-bound"
C16,Campaign counts and result summaries are deterministic under clean reproduction,reproduced-local,artifact README and verify.py,run.py; validate.py; verify.py,results/full/scientific_summary.json; results/reproduction/comparison.txt,Evaluation and artifact,all 17 deterministic outputs compared byte-for-byte after a second clean run; 55 tests passed,none,Same implementation and environment family; not independent replication
C17,"Current bounded campaign uses 43,407 obligations and 1,000 generated schedule/fault/protocol cases",measured,run.py accounting,scientific_summary.json,results/full/scientific_summary.json,Evaluation table,fresh run rechecked,none,Obligation definition is documented; reruns are not workload diversity
C18,The concrete protocol is a drop-in Nudge ring implementation,unsupported-not-claimed,proofs/arguments.md Section 11,no ring-compatible commitment implementation,docs/interfaces.md,Limitations,scope checked against code,none,Nudge uses a power-of-two ring; this artifact instantiates a prime field
C19,The protocol tolerates mobile corruptions or two colluding servers,unsupported-not-claimed,proofs/arguments.md Sections 5 and 11,no such simulator or erasure mechanism,docs/interfaces.md,Threat model and limitations,scope checked against code,none,Static protocol-following one-server privacy only
C20,The artifact implements Byzantine consensus or production durability,unsupported-not-claimed,docs/interfaces.md,no consensus/network/fsync implementation,artifact README,System boundary,scope checked against code,none,Activation authorization and honest durable receipt semantics are assumptions
C21,The replacement receives each refreshed component only through an authenticated mask-plus-component envelope that is verified before persistence,conditional-proved;unit-checked;finite-checked,proofs/arguments.md Sections 2 and 7,verify_private_delivery; DurableServer; tests/test_contract.py,results/full/continuity_cases.csv; results/validation/validation.json,Authenticated private delivery and crash-recovery sections,valid deliveries accepted; tampered component/peer mask rejected; proposals and receipts rebuilt from executing durable outboxes; no receipt before durable component,none,Private-channel confidentiality/authentication and honest persistence semantics are assumed; component disclosures are not public blame objects
