name,scholarly_or_official_url,license_or_redistribution_status,access_date,resource_type,acquisition_method,integration_mode,supported_claim,internals_modified,reading_scope
Nudge official record,https://www.usenix.org/conference/usenixsecurity26/presentation/henzinger,Metadata cited; no PDF redistributed,2026-09-14,scholarly metadata,web reader,bibliographic citation,"Title, complete byline and final proceedings metadata",no,official metadata
Nudge final paper,https://www.usenix.org/system/files/usenixsecurity26-henzinger.pdf,Open access; exact redistribution permission not established here; not bundled,2026-09-14,research paper,web parsed text and page screenshots,analytical citation only,Source privacy restrictions and replicated ring-sharing setting,no,Substantive final main paper inspected; extended full-version proofs not acquired
Shamir: How to Share a Secret,https://web.mit.edu/6.857/OldStuff/Fall03/ref/Shamir-HowToShareASecret.pdf,ACM copyright notice; not redistributed,2026-09-14,research paper,web text and both page screenshots,construction citation,Polynomial interpolation origin,no,Entire two-page article read
RIFL,https://web.stanford.edu/~ouster/cgi-bin/papers/rifl.pdf,ACM copyright; not redistributed,2026-09-14,research paper,web text and inspected page image,analytical citation only,Durable completion metadata and migration baseline,no,Relevant architecture and durability passages; not entire evaluation
GoSSamer final author paper,https://tianweiz07.github.io/Papers/26-sp-3.pdf,No redistribution of author PDF,2026-09-14,research paper,web text and page screenshot,analytical citation only,Session/commitment binding and sharing-consistency baseline,no,Relevant construction and definition passages; not entire paper
GoSSamer scholarly record,https://eprint.iacr.org/2025/1516,Record states CC BY-NC; no content bundled,2026-09-14,scholarly metadata,web reader,bibliographic citation,Author order and S&P 2026 DOI,no,metadata and revision record
COBRA,https://www.di.fc.ul.pt/~bessani/publications/sp22-cobra.pdf,Author-hosted scholarly PDF; redistribution permission unverified; not bundled,2026-09-14,research paper,web text and page screenshots,analytical citation only,Existing confidential recovery/reconfiguration and commitment checks,no,"Model, validity and recovery/reconfiguration passages; not entire proof/evaluation"
COBRA publication metadata,https://drops.dagstuhl.de/entities/document/10.4230/LIPIcs.OPODIS.2023.23,Bibliographic facts only,2026-09-14,primary scholarly reference list,web reader,metadata cross-check,COBRA proceedings pages and DOI,no,reference entry
Accountability and Reconfiguration,https://arxiv.org/pdf/2105.04909,CC BY 4.0 in scholarly record; PDF not bundled,2026-09-14,research preprint,web text and inspected page image,analytical citation only,Accountable reconfiguration is prior research,no,"Model and main construction passages, not entire paper"
Accountability and Reconfiguration metadata,https://arxiv.org/abs/2105.04909,CC BY 4.0,2026-09-14,scholarly metadata,web reader,bibliographic citation,Complete author order and v2 scholarly identifier,no,metadata
CHURP,https://eprint.iacr.org/2019/017,Record states CC BY; PDF not acquired or bundled,2026-09-14,research metadata,web reader; full-PDF acquisition unsuccessful,bibliographic warning only,Relevant dynamic-committee work; no claim about absent capabilities,no,Metadata only; not counted as full-paper reading
TDSC author guide,https://www.computer.org/csdl/journal/tq/write-for-us/15068,Workflow-only; not bundled,2026-09-15,official policy page,web reader returned application shell,readiness assessment outside scientific bibliography,Regular-paper formatted length is 12 pages; the interactive page body was not retrievable,no,Official search-index snippet rechecked; other live submission details remain an external-use recheck
IEEE template selector,https://template-selector.ieee.org/,Workflow-only; not bundled,2026-09-14,official template service,web access did not expose usable content,template status assessment,Current venue-specific selection not recertified,no,Access failure
Supplied IEEEtran class,https://ctan.org/pkg/ieeetran,LPPL 1.3 notices retained in exact class,2026-09-14,template asset,matched user-supplied template archive,unmodified class copied to paper only,Publisher-family typesetting,no,"Class options, typography and license header inspected"
Supplied IEEEtranS bibliography style,https://ctan.org/pkg/ieeetran,LPPL 1.3 notices retained in exact style,2026-09-14,template asset,matched user-supplied template archive,unmodified sorting style copied to paper only,Publisher-family bibliography formatting,no,"Header, version, license, and exact byte identity checked; internals unmodified"
IEEE submission and peer-review policy,https://journals.ieeeauthorcenter.ieee.org/become-an-ieee-journal-author/publishing-ethics/guidelines-and-policies/submission-and-peer-review-policies/,Official workflow policy; not bundled,2026-09-15,official policy page,web reader,truthful AI-use acknowledgment and readiness notes,Substantive generated text/code/figures are not grammar-only assistance,no,Current AI-content disclosure passage rechecked in full
cryptography Ed25519 documentation,https://cryptography.io/en/latest/hazmat/primitives/asymmetric/ed25519/,Runtime dependency not redistributed; upstream license applies,2026-09-14,official software documentation,web reader; existing runtime package,transparent local Ed25519 wrapper,Signing and verification API,no,API documentation only
Original exact synthetic input,,Original MIT-licensed fixture in this repository,2026-09-14,generated local data,deterministic construction recorded in inputs/README.md,exact JSON consumed by fixture,Eight sparse ratings and public test keys,not applicable,No external dataset
Long Live the Honey Badger,https://www.usenix.org/conference/usenixsecurity23/presentation/yurek,Open-access proceedings page; paper not bundled,2026-09-15,research paper,official proceedings/full-text reading,analytical citation only,Robust asynchronous dynamic proactive secret sharing and its system applications,no,"Full construction, threat model, recovery flow, evaluation, and limitations read"
Communication-Optimal Proactive Secret Sharing for Dynamic Groups,https://doi.org/10.1007/978-3-319-28166-7_2,Springer copyright; not redistributed,2026-09-15,research paper,scholarly record and accessible manuscript,analytical citation only,Dynamic-group proactive sharing communication baseline,no,"Construction, asymptotic costs, and fault assumptions read"
hbACSS,https://www.ndss-symposium.org/ndss-paper/hbacss-how-to-robustly-share-many-secrets/,Open-access symposium paper; not bundled,2026-09-15,research paper,official symposium paper,analytical citation only,Batched robust asynchronous secret sharing baseline,no,"Model, protocol structure, security statements, and evaluation read"
Lightweight Asynchronous Verifiable Secret Sharing with Optimal Resilience,https://doi.org/10.1007/s00145-024-09505-6,Publisher copyright; not redistributed,2026-09-15,research paper,official journal record and author manuscript,analytical citation only,Recent AVSS construction and optimal-resilience comparison,no,"Definitions, principal protocol, proof structure, and complexity read"
Haven++,https://doi.org/10.62056/a0qj5w7sf,Open IACR journal article; not bundled,2026-09-15,research paper,official IACR journal full text,analytical citation only,Recent packed asynchronous complete secret sharing,no,"Model, construction overview, theorems, and evaluation read"
Mobile Proactive Secret Sharing,https://doi.org/10.1145/1880022.1880028,ACM copyright; not redistributed,2026-09-15,research paper,scholarly record and author manuscript,analytical citation only,Mobile-adversary boundary and proactive recovery baseline,no,Publisher metadata and theorem scope checked; corrected article DOI and 34:1--34:32 pages
PeerReview,https://www.sos.cs.jhu.edu/peerreview/peerreview.pdf,Author-hosted paper; not redistributed,2026-09-15,research paper,author full text,analytical citation only,Accountability from signed histories and evidence,no,"Architecture, evidence semantics, guarantees, and evaluation read"
Vertical Paxos,https://lamport.azurewebsites.net/pubs/vertical-paxos.pdf,Author-hosted paper; not redistributed,2026-09-15,research paper,author full text,analytical citation only,Reconfiguration and configuration-master separation,no,Full protocol and safety argument read
Pedersen verifiable secret sharing,https://doi.org/10.1007/3-540-46766-1_9,Springer copyright; not redistributed,2026-09-15,research paper,scholarly record and manuscript,construction citation,Perfectly hiding homomorphic commitment basis and VSS context,no,Construction and security properties read
IEEE journal AI-content policy recheck,https://journals.ieeeauthorcenter.ieee.org/become-an-ieee-journal-author/publishing-ethics/guidelines-and-policies/submission-and-peer-review-policies/,Official policy page; not bundled,2026-09-15,official policy page,live web recheck,external-use readiness assessment,"AI-generated article text, figures, images, or code require acknowledgment identifying system, sections, and extent",no,Current author-use passage read
TDSC regular-paper length recheck,https://www.computer.org/csdl/journal/tq/write-for-us/15068,Official workflow page; not bundled,2026-09-15,official policy page,official search-index result; interactive page body unavailable,page-contract assessment,Official Computer Society search result states the regular-paper formatted limit is 12 pages,no,Regular-paper standard length rechecked; interactive details and any initial-submission overlength allowance remain an external-use recheck
TDSC calibration: Basic Concepts and Taxonomy of Dependable and Secure Computing,https://doi.org/10.1109/TDSC.2004.2,Publisher-controlled article; metadata/link only; not redistributed,2026-09-15,same-venue scholarly calibration article,Official DOI/publisher record and accessible article text inspected,Writing and structure calibration only,"Dependability/security vocabulary, threat-to-property framing, and venue-native exposition",no,"Article inspected for problem framing, taxonomy, section progression, and limitations; no text reused"
TDSC calibration: CODEX,https://doi.org/10.1109/TDSC.2004.3,Publisher-controlled article; metadata/link only; not redistributed,2026-09-15,same-venue scholarly calibration article,Official DOI/publisher record and accessible article text inspected,Writing and structure calibration only,"How a distributed security system connects assumptions, protocol, proof, and evaluation",no,"Article inspected for architecture/protocol narrative, fault model placement, and evaluation organization; no text reused"
TDSC calibration: Fast Byzantine Consensus,https://doi.org/10.1109/TDSC.2006.35,Publisher-controlled article; metadata/link only; not redistributed,2026-09-15,same-venue scholarly calibration article,Official DOI/publisher record and accessible article text inspected,Writing and structure calibration only,"Fault-model-first protocol presentation and separation of safety, liveness, and performance",no,"Article inspected for theorem/protocol ordering, assumptions, and evaluation framing; no text reused"
TDSC calibration: Dependability through Assured Reconfiguration in Embedded System Software,https://doi.org/10.1109/TDSC.2006.33,Publisher-controlled author-accessible PDF; link only; not redistributed,2026-09-15,same-venue scholarly calibration article,Direct IEEE article PDF inspected,Related-work and writing calibration,The reconfiguration boundary should itself be the subject of explicit assurance,no,"Full accessible article inspected for reconfiguration model, assurance argument, and system boundaries; no text reused"
TDSC calibration: Steward,https://nds2.ccs.neu.edu/papers/steward_TDSC_2009.pdf,Author-hosted scholarly PDF; link only; not redistributed,2026-09-15,same-venue scholarly calibration article,Author-hosted full paper inspected,Writing and system-evaluation calibration only,"Layered presentation of Byzantine fault assumptions, protocol mechanisms, and experimental evidence",no,"Full article inspected for narrative sequence, mechanism granularity, and evaluation/table roles; no text reused"
TDSC calibration: Prime,https://doi.org/10.1109/TDSC.2010.70,Publisher-controlled article; metadata/link only; not redistributed,2026-09-15,same-venue scholarly calibration article,Official DOI/publisher record and accessible article text inspected,Writing and adversary-boundary calibration only,"Clear separation of malicious behavior, liveness assumptions, and performance mechanisms",no,"Article inspected for threat model, protocol explanation, proof/performance balance, and boundary discussion; no text reused"
TDSC calibration: Automatic Reconfiguration for Large-Scale Reliable Storage Systems,https://dspace.mit.edu/entities/publication/461d5e26-d3ce-4bb2-855d-df4655c07d4e,Institutional-repository scholarly record/full text subject to source terms; link only,2026-09-15,same-venue scholarly calibration article,Institutional repository record and accessible full text inspected,Related-work and writing calibration,Configuration transitions need explicit state-transfer and activation semantics,no,"Full accessible article inspected for reconfiguration model, progression of arguments, and evaluation breadth; no text reused"
TDSC calibration: Ensuring Distributed Accountability for Data Sharing in the Cloud,https://doi.org/10.1109/TDSC.2012.26,Publisher-controlled article; metadata/link only; not redistributed,2026-09-15,same-venue scholarly calibration article,Official DOI/publisher record and accessible article text inspected,Accountability terminology and writing calibration only,"Accountability claims should identify evidence objects, verification, and attributable actions",no,"Article inspected for accountability framing, evidence workflow, evaluation, and limitations; no text reused"
TDSC calibration: VM-microCheckpoint,https://doi.org/10.1109/TDSC.2014.2327967,Publisher-controlled article; metadata/link only; not redistributed,2026-09-15,same-venue scholarly calibration article,Official DOI/publisher record and accessible article text inspected,Crash-recovery narrative and evaluation calibration only,Crash boundaries and recovery semantics should be tested at precisely named durable transitions,no,"Article inspected for recovery model, implementation-to-claim mapping, and quantitative presentation; no text reused"
TDSC calibration: AWARE,https://arxiv.org/abs/2011.01671,Author-posted preprint; link only; not redistributed,2026-09-15,same-venue scholarly calibration article/preprint,Author preprint inspected with publication metadata cross-check,Protocol/evaluation calibration only,"Adaptive Byzantine protocols require explicit metrics, baselines, and boundary assumptions",no,"Full preprint inspected for problem setup, protocol explanation, evaluation design, and limitations; no text reused"
TDSC calibration: DBFT,https://doi.org/10.1109/TDSC.2021.3095544,Publisher-controlled article; metadata/link only; not redistributed,2026-09-15,same-venue scholarly calibration article,Official DOI/publisher record and accessible author text inspected,Formal-protocol narrative calibration only,"Proof-bearing distributed protocol papers should connect pseudocode, invariants, and experiments without conflating them",no,Accessible article text inspected for algorithm/proof/evaluation sequence and limitations; no text reused
TDSC calibration: Camel,https://arxiv.org/abs/2410.03407,Author-posted preprint; link only; not redistributed,2026-09-15,same-venue scholarly calibration article/preprint,Full arXiv preprint inspected; TDSC publication metadata cross-checked,Privacy-protocol and evaluation calibration only,"Contemporary TDSC privacy systems distinguish protocol guarantees, leakage, and measured implementation costs",no,"Full preprint inspected for threat model, mechanism, proof/performance argument, and artifact/evaluation presentation; no text reused"
Practical Byzantine Fault Tolerance,https://pmg.csail.mit.edu/papers/osdi99.pdf,Author-hosted scholarly PDF; link only; not redistributed,2026-09-15,influential adjacent-venue scholarly article,Author-hosted full paper inspected,Background and narrative calibration only,Agreement/ordering is a separate control-plane concern from continuity certification,no,"Full article inspected for fault assumptions, safety/liveness separation, and evaluation narrative; no text reused"
Practical Asynchronous Distributed Key Reconfiguration and Its Applications,https://doi.org/10.1109/SP63933.2026.00033,Metadata/link only; paper not redistributed,2026-09-18,closest scholarly paper,IEEE proceedings record and IACR author record,related-work comparison only,Recent asynchronous threshold-key reconfiguration supports broader dynamic-key functionality and adaptive-security goals,no,"Title, authors, venue, pages, DOI, abstract, threat/functionality scope"
Computationally and Communication Efficient Batched Asynchronous DPSS from Lightweight Cryptography,https://eprint.iacr.org/2025/1631,Metadata/link only; paper not redistributed,2026-09-18,closest scholarly preprint,IACR ePrint record,related-work comparison only,Recent batched asynchronous DPSS targets communication/computation efficiency for broader committees,no,"Title, authors, identifier, year, abstract, mechanism and scope"
