key,type,title,authors,year,venue_or_source,volume,number,pages,doi,scholarly_or_official_locator,verification_tier,verification_status,verification_basis,reading_scope,main_text_citation_occurrences,audit_date
shamir79,article,How to Share a Secret,Adi Shamir,1979,Commun. ACM,22,11,612--613,,https://doi.org/10.1145/359168.359176,"A/B — official, institutional, or author-hosted scholarly record",metadata and stable locator checked,"title/author/year/venue checked against the listed official, institutional, or author-hosted record",substantive source/record inspection documented in external_resources.csv,2,2026-09-18
blakley79,inproceedings,Safeguarding Cryptographic Keys,George R. Blakley,1979,Proc. Natl. Computer Conf.,,,313--317,,https://ieeexplore.ieee.org/document/8817296,"A/B — official, institutional, or author-hosted scholarly record",metadata and stable locator checked,"title/author/year/venue checked against the listed official, institutional, or author-hosted record",bibliographic verification only; citation used for the scoped background/contrast stated in the manuscript,2,2026-09-18
feldman87,inproceedings,A Practical Scheme for Non-Interactive Verifiable Secret Sharing,Paul Feldman,1987,Proc. IEEE FOCS,,,427--438,10.1109/SFCS.1987.4,https://doi.org/10.1109/SFCS.1987.4,A — DOI-backed primary scholarly record,metadata and DOI locator checked,DOI/title/author/year/venue consistency check; selected closest-work records also checked against publisher or venue pages,bibliographic verification only; citation used for the scoped background/contrast stated in the manuscript,1,2026-09-18
pedersen91,inproceedings,Non-Interactive and Information-Theoretic Secure Verifiable Secret Sharing,Torben Pryds Pedersen,1992,CRYPTO '91,576,,129--140,10.1007/3-540-46766-1_9,https://doi.org/10.1007/3-540-46766-1_9,A — DOI-backed primary scholarly record,metadata and DOI locator checked,DOI/title/author/year/venue consistency check; selected closest-work records also checked against publisher or venue pages,substantive source/record inspection documented in external_resources.csv,2,2026-09-18
schoenmakers99,inproceedings,A Simple Publicly Verifiable Secret Sharing Scheme and Its Application to Electronic Voting,Berry Schoenmakers,1999,CRYPTO '99,,,148--164,10.1007/3-540-48405-1_10,https://doi.org/10.1007/3-540-48405-1_10,A — DOI-backed primary scholarly record,metadata and DOI locator checked,DOI/title/author/year/venue consistency check; selected closest-work records also checked against publisher or venue pages,bibliographic verification only; citation used for the scoped background/contrast stated in the manuscript,1,2026-09-18
herzberg95,inproceedings,Proactive Secret Sharing or: How to Cope with Perpetual Leakage,Amir Herzberg and Stanislaw Jarecki and Hugo Krawczyk and Moti Yung,1995,CRYPTO '95,,,339--352,10.1007/3-540-44750-4_27,https://doi.org/10.1007/3-540-44750-4_27,A — DOI-backed primary scholarly record,metadata and DOI locator checked,DOI/title/author/year/venue consistency check; selected closest-work records also checked against publisher or venue pages,bibliographic verification only; citation used for the scoped background/contrast stated in the manuscript,2,2026-09-18
ostrovsky91,inproceedings,How to Withstand Mobile Virus Attacks,Rafail Ostrovsky and Moti Yung,1991,Proc. ACM PODC,,,51--59,10.1145/112600.112605,https://doi.org/10.1145/112600.112605,A — DOI-backed primary scholarly record,metadata and DOI locator checked,DOI/title/author/year/venue consistency check; selected closest-work records also checked against publisher or venue pages,bibliographic verification only; citation used for the scoped background/contrast stated in the manuscript,2,2026-09-18
canetti95,article,Proactive Security: Long-Term Protection Against Break-Ins,Ran Canetti and Rosario Gennaro and Amir Herzberg and Dalit Naor,1997,RSA Labs. CryptoBytes,3,1,1--8,,,B — canonical proceedings/journal bibliographic record,metadata checked; primary locator not embedded,title/author/year/venue/page fields cross-checked during the bibliography audit; no unverified URL was invented,bibliographic verification only; citation used for the scoped background/contrast stated in the manuscript,2,2026-09-18
cachin02,inproceedings,Asynchronous Verifiable Secret Sharing and Proactive Cryptosystems,Christian Cachin and Klaus Kursawe and Anna Lysyanskaya and Reto Strobl,2002,Proc. ACM CCS,,,88--97,10.1145/586110.586124,https://doi.org/10.1145/586110.586124,A — DOI-backed primary scholarly record,metadata and DOI locator checked,DOI/title/author/year/venue consistency check; selected closest-work records also checked against publisher or venue pages,bibliographic verification only; citation used for the scoped background/contrast stated in the manuscript,1,2026-09-18
kate10,inproceedings,Constant-Size Commitments to Polynomials and Their Applications,Aniket Kate and Gregory M. Zaverucha and Ian Goldberg,2010,ASIACRYPT 2010,,,177--194,10.1007/978-3-642-17373-8_11,https://doi.org/10.1007/978-3-642-17373-8_11,A — DOI-backed primary scholarly record,metadata and DOI locator checked,DOI/title/author/year/venue consistency check; selected closest-work records also checked against publisher or venue pages,bibliographic verification only; citation used for the scoped background/contrast stated in the manuscript,2,2026-09-18
catalano13,inproceedings,Vector Commitments and Their Applications,Dario Catalano and Dario Fiore,2013,PKC 2013,,,55--72,10.1007/978-3-642-36362-7_5,https://doi.org/10.1007/978-3-642-36362-7_5,A — DOI-backed primary scholarly record,metadata and DOI locator checked,DOI/title/author/year/venue consistency check; selected closest-work records also checked against publisher or venue pages,bibliographic verification only; citation used for the scoped background/contrast stated in the manuscript,2,2026-09-18
geihs19,inproceedings,Efficient Proactive Secret Sharing for Large Data via Concise Vector Commitments,Matthias Geihs and Lucas Schabhueser and Johannes Buchmann,2019,"Codes, Cryptology and Information Security",,,171--194,10.1007/978-3-030-16458-4_11,https://doi.org/10.1007/978-3-030-16458-4_11,A — DOI-backed primary scholarly record,metadata and DOI locator checked,DOI/title/author/year/venue consistency check; selected closest-work records also checked against publisher or venue pages,bibliographic verification only; citation used for the scoped background/contrast stated in the manuscript,2,2026-09-18
shoup24,article,Lightweight Asynchronous Verifiable Secret Sharing with Optimal Resilience,Victor Shoup and Nigel P. Smart,2024,J. Cryptol.,37,3,27,10.1007/s00145-024-09505-6,https://doi.org/10.1007/s00145-024-09505-6,A — DOI-backed primary scholarly record,metadata and DOI locator checked,DOI/title/author/year/venue consistency check; selected closest-work records also checked against publisher or venue pages,substantive source/record inspection documented in external_resources.csv,1,2026-09-18
hbacss22,inproceedings,hbACSS: How to Robustly Share Many Secrets,Thomas Yurek and Licheng Luo and Jaiden Fairoze and Aniket Kate and Andrew Miller,2022,Proc. NDSS,,,,10.14722/ndss.2022.23120,https://doi.org/10.14722/ndss.2022.23120,A — DOI-backed primary scholarly record,metadata and DOI locator checked,DOI/title/author/year/venue consistency check; selected closest-work records also checked against publisher or venue pages,substantive source/record inspection documented in external_resources.csv,1,2026-09-18
havenpp25,article,Haven++: Batched and Packed Dual-Threshold Asynchronous Complete Secret Sharing with Applications,Nicolas Alhaddad and Mayank Varia and Ziling Yang,2025,IACR Commun. Cryptol.,1,4,,10.62056/a0qj5w7sf,https://doi.org/10.62056/a0qj5w7sf,A — DOI-backed primary scholarly record,metadata and DOI locator checked,DOI/title/author/year/venue consistency check; selected closest-work records also checked against publisher or venue pages,substantive source/record inspection documented in external_resources.csv,1,2026-09-18
ji24,inproceedings,Linear-Communication Asynchronous Complete Secret Sharing with Optimal Resilience,Xiaoyu Ji and Junru Li and Yifan Song,2024,CRYPTO 2024,,,418--453,10.1007/978-3-031-68397-8_13,https://doi.org/10.1007/978-3-031-68397-8_13,A — DOI-backed primary scholarly record,metadata and DOI locator checked,DOI/title/author/year/venue consistency check; selected closest-work records also checked against publisher or venue pages,bibliographic verification only; citation used for the scoped background/contrast stated in the manuscript,1,2026-09-18
churp19,inproceedings,CHURP: Dynamic-Committee Proactive Secret Sharing,Sai Krishna Deepak Maram and Fan Zhang and Lun Wang and Andrew Low and Yupeng Zhang and Ari Juels and Dawn Song,2019,Proc. ACM CCS,,,,10.1145/3319535.3363203,https://doi.org/10.1145/3319535.3363203,A — DOI-backed primary scholarly record,metadata and DOI locator checked,DOI/title/author/year/venue consistency check; selected closest-work records also checked against publisher or venue pages,substantive source/record inspection documented in external_resources.csv,4,2026-09-18
baron16,inproceedings,Communication-Optimal Proactive Secret Sharing for Dynamic Groups,Joshua Baron and Karim El Defrawy and Joshua Lampkins and Rafail Ostrovsky,2016,Proc. ACNS,,,,10.1007/978-3-319-28166-7_2,https://doi.org/10.1007/978-3-319-28166-7_2,A — DOI-backed primary scholarly record,metadata and DOI locator checked,DOI/title/author/year/venue consistency check; selected closest-work records also checked against publisher or venue pages,substantive source/record inspection documented in external_resources.csv,3,2026-09-18
longlive23,inproceedings,Long Live The Honey Badger: Robust Asynchronous DPSS and its Applications,Thomas Yurek and Zhuolun Xiang and Yu Xia and Andrew Miller,2023,Proc. USENIX Security,,,5413--5430,,https://www.usenix.org/conference/usenixsecurity23/presentation/yurek,"A/B — official, institutional, or author-hosted scholarly record",metadata and stable locator checked,"title/author/year/venue checked against the listed official, institutional, or author-hosted record",substantive source/record inspection documented in external_resources.csv,4,2026-09-18
cobra22,inproceedings,COBRA: Dynamic Proactive Secret Sharing for Confidential BFT Services,Robin Vassantlal and Eduardo Alchieri and Bernardo Ferreira and Alysson Bessani,2022,Proc. IEEE S\&P,,,1335--1353,10.1109/SP46214.2022.9833658,https://doi.org/10.1109/SP46214.2022.9833658,A — DOI-backed primary scholarly record,metadata and DOI locator checked,DOI/title/author/year/venue consistency check; selected closest-work records also checked against publisher or venue pages,substantive source/record inspection documented in external_resources.csv,3,2026-09-18
gossamer26,inproceedings,GoSSamer: Lightweight and Linear-Communication Asynchronous (Dynamic Proactive) Secret Sharing and the Applications,Xinxin Xing and Yizhong Liu and Boyang Liao and Jianwei Liu and Bin Hu and Xun Lin and Yuan Lu and Tianwei Zhang,2026,Proc. IEEE S\&P,,,2482--2501,10.1109/SP63933.2026.00185,https://doi.org/10.1109/SP63933.2026.00185,A — DOI-backed primary scholarly record,metadata and DOI locator checked,DOI/title/author/year/venue consistency check; selected closest-work records also checked against publisher or venue pages,substantive source/record inspection documented in external_resources.csv,3,2026-09-18
adkr26,inproceedings,Practical Asynchronous Distributed Key Reconfiguration and Its Applications,Hanwen Feng and Yingzi Gao and Yuan Lu and Qiang Tang and Jing Xu,2026,Proc. IEEE S\&P,,,1253--1272,10.1109/SP63933.2026.00033,https://doi.org/10.1109/SP63933.2026.00033,A — DOI-backed primary scholarly record,metadata and DOI locator checked,DOI/title/author/year/venue consistency check; selected closest-work records also checked against publisher or venue pages,substantive source/record inspection documented in external_resources.csv,2,2026-09-18
batcheddpss25,misc,Computationally and Communication Efficient Batched Asynchronous DPSS from Lightweight Cryptography,Akhil Bandarupalli and Xiaoyu Ji and Soham Jog and Aniket Kate and Chen-Da Liu-Zhang and Yifan Song,2025,"Cryptology ePrint Archive, Paper 2025/1631",,,,,https://eprint.iacr.org/2025/1631,"A/B — official, institutional, or author-hosted scholarly record",metadata and stable locator checked,"title/author/year/venue checked against the listed official, institutional, or author-hosted record",substantive source/record inspection documented in external_resources.csv,2,2026-09-18
mpss10,article,MPSS: Mobile Proactive Secret Sharing,David Schultz and Barbara Liskov and Moses Liskov,2010,ACM Trans. Inf. Syst. Secur.,13,4,34:1--34:32,10.1145/1880022.1880028,https://doi.org/10.1145/1880022.1880028,A — DOI-backed primary scholarly record,metadata and DOI locator checked,DOI/title/author/year/venue consistency check; selected closest-work records also checked against publisher or venue pages,substantive source/record inspection documented in external_resources.csv,2,2026-09-18
garay98,article,Secure Distributed Storage and Retrieval,Juan A. Garay and Rosario Gennaro and Charanjit Jutla and Tal Rabin,2000,Theor. Comput. Sci.,243,1--2,363--389,10.1016/S0304-3975(98)00263-1,https://doi.org/10.1016/S0304-3975(98)00263-1,A — DOI-backed primary scholarly record,metadata and DOI locator checked,DOI/title/author/year/venue consistency check; selected closest-work records also checked against publisher or venue pages,bibliographic verification only; citation used for the scoped background/contrast stated in the manuscript,1,2026-09-18
nudge26,inproceedings,Nudge: A Private Recommendations Engine,Alexandra Henzinger and Emma Dauterman and Henry Corrigan-Gibbs and Dan Boneh,2026,Proc. USENIX Security,,,3259--3278,,https://www.usenix.org/conference/usenixsecurity26/presentation/henzinger,"A/B — official, institutional, or author-hosted scholarly record",metadata and stable locator checked,"title/author/year/venue checked against the listed official, institutional, or author-hosted record",substantive source/record inspection documented in external_resources.csv,4,2026-09-18
prio17,inproceedings,"Prio: Private, Robust, and Scalable Computation of Aggregate Statistics",Henry Corrigan-Gibbs and Dan Boneh,2017,Proc. USENIX NSDI,,,259--282,,,B — canonical proceedings/journal bibliographic record,metadata checked; primary locator not embedded,title/author/year/venue/page fields cross-checked during the bibliography audit; no unverified URL was invented,bibliographic verification only; citation used for the scoped background/contrast stated in the manuscript,1,2026-09-18
araki16,inproceedings,High-Throughput Semi-Honest Secure Three-Party Computation with an Honest Majority,Toshinori Araki and Jun Furukawa and Yehuda Lindell and Ariel Nof and Kazuma Ohara,2016,Proc. ACM CCS,,,,,,B — canonical proceedings/journal bibliographic record,metadata checked; primary locator not embedded,title/author/year/venue/page fields cross-checked during the bibliography audit; no unverified URL was invented,bibliographic verification only; citation used for the scoped background/contrast stated in the manuscript,2,2026-09-18
araki18,inproceedings,Generalizing the SPDZ Compiler for Other Protocols,Toshinori Araki and Assi Barak and Jun Furukawa and Marcel Keller and Yehuda Lindell and Kazuma Ohara and Hikaru Tsuchida,2018,Proc. ACM CCS,,,,,,B — canonical proceedings/journal bibliographic record,metadata checked; primary locator not embedded,title/author/year/venue/page fields cross-checked during the bibliography audit; no unverified URL was invented,bibliographic verification only; citation used for the scoped background/contrast stated in the manuscript,2,2026-09-18
aby3,inproceedings,ABY3: A Mixed Protocol Framework for Machine Learning,Payman Mohassel and Peter Rindal,2018,Proc. ACM CCS,,,35--52,,,B — canonical proceedings/journal bibliographic record,metadata checked; primary locator not embedded,title/author/year/venue/page fields cross-checked during the bibliography audit; no unverified URL was invented,bibliographic verification only; citation used for the scoped background/contrast stated in the manuscript,2,2026-09-18
sharemind,inproceedings,Sharemind: A Framework for Fast Privacy-Preserving Computations,Dan Bogdanov and Sven Laur and Jan Willemson,2008,Proc. ESORICS,,,192--206,,,B — canonical proceedings/journal bibliographic record,metadata checked; primary locator not embedded,title/author/year/venue/page fields cross-checked during the bibliography audit; no unverified URL was invented,bibliographic verification only; citation used for the scoped background/contrast stated in the manuscript,1,2026-09-18
spdz,inproceedings,Multiparty Computation from Somewhat Homomorphic Encryption,Ivan Damgaard and Valerio Pastro and Nigel Smart and Sarah Zakarias,2012,CRYPTO 2012,,,643--662,,,B — canonical proceedings/journal bibliographic record,metadata checked; primary locator not embedded,title/author/year/venue/page fields cross-checked during the bibliography audit; no unverified URL was invented,bibliographic verification only; citation used for the scoped background/contrast stated in the manuscript,2,2026-09-18
fantasticfour21,inproceedings,Fantastic Four: Honest-Majority Four-Party Secure Computation with Malicious Security,Anders Dalskov and Daniel Escudero and Marcel Keller,2021,Proc. USENIX Security,,,,,,B — canonical proceedings/journal bibliographic record,metadata checked; primary locator not embedded,title/author/year/venue/page fields cross-checked during the bibliography audit; no unverified URL was invented,bibliographic verification only; citation used for the scoped background/contrast stated in the manuscript,2,2026-09-18
astra19,inproceedings,Astra: High Throughput 3PC over Rings with Application to Secure Prediction,Harsh Chaudhari and Ashish Choudhury and Arpita Patra and Ajith Suresh,2019,Proc. ACM Cloud Computing Security Workshop,,,,,,B — canonical proceedings/journal bibliographic record,metadata checked; primary locator not embedded,title/author/year/venue/page fields cross-checked during the bibliography audit; no unverified URL was invented,bibliographic verification only; citation used for the scoped background/contrast stated in the manuscript,2,2026-09-18
trident20,inproceedings,Trident: Efficient 4PC Framework for Privacy Preserving Machine Learning,Harsh Chaudhari and Rahul Rachuri and Ajith Suresh,2020,Proc. NDSS,,,,,,B — canonical proceedings/journal bibliographic record,metadata checked; primary locator not embedded,title/author/year/venue/page fields cross-checked during the bibliography audit; no unverified URL was invented,bibliographic verification only; citation used for the scoped background/contrast stated in the manuscript,1,2026-09-18
canny02,inproceedings,Collaborative Filtering with Privacy via Factor Analysis,John Canny,2002,Proc. ACM SIGIR,,,,,,B — canonical proceedings/journal bibliographic record,metadata checked; primary locator not embedded,title/author/year/venue/page fields cross-checked during the bibliography audit; no unverified URL was invented,bibliographic verification only; citation used for the scoped background/contrast stated in the manuscript,1,2026-09-18
calandrino11,inproceedings,You Might Also Like: Privacy Risks of Collaborative Filtering,Joseph A. Calandrino and Ann Kilzer and Arvind Narayanan and Edward W. Felten and Vitaly Shmatikov,2011,Proc. IEEE S\&P,,,,,,B — canonical proceedings/journal bibliographic record,metadata checked; primary locator not embedded,title/author/year/venue/page fields cross-checked during the bibliography audit; no unverified URL was invented,bibliographic verification only; citation used for the scoped background/contrast stated in the manuscript,1,2026-09-18
chai20,article,Secure Federated Matrix Factorization,Di Chai and Leye Wang and Kai Chen and Qiang Yang,2021,IEEE Intell. Syst.,36,5,11--20,10.1109/MIS.2020.3014880,https://doi.org/10.1109/MIS.2020.3014880,A — DOI-backed primary scholarly record,metadata and DOI locator checked,DOI/title/author/year/venue consistency check; selected closest-work records also checked against publisher or venue pages,bibliographic verification only; citation used for the scoped background/contrast stated in the manuscript,1,2026-09-18
erkin11,inproceedings,Efficiently Computing Private Recommendations,Zekeriya Erkin and Michael Beye and Thijs Veugen and Reginald L. Lagendijk,2011,Proc. IEEE ICASSP,,,,,,B — canonical proceedings/journal bibliographic record,metadata checked; primary locator not embedded,title/author/year/venue/page fields cross-checked during the bibliography audit; no unverified URL was invented,bibliographic verification only; citation used for the scoped background/contrast stated in the manuscript,1,2026-09-18
koren09,article,Matrix Factorization Techniques for Recommender Systems,Yehuda Koren and Robert Bell and Chris Volinsky,2009,Computer,42,8,30--37,,,B — canonical proceedings/journal bibliographic record,metadata checked; primary locator not embedded,title/author/year/venue/page fields cross-checked during the bibliography audit; no unverified URL was invented,bibliographic verification only; citation used for the scoped background/contrast stated in the manuscript,1,2026-09-18
bogdanov18,article,Implementation and Evaluation of an Algorithm for Cryptographically Private Principal Component Analysis on Genomic Data,Dan Bogdanov and Liina Kamm and Sven Laur and Ville Sokk,2018,IEEE/ACM Trans. Comput. Biol. Bioinform.,15,5,,,,B — canonical proceedings/journal bibliographic record,metadata checked; primary locator not embedded,title/author/year/venue/page fields cross-checked during the bibliography audit; no unverified URL was invented,bibliographic verification only; citation used for the scoped background/contrast stated in the manuscript,1,2026-09-18
catrina10,inproceedings,Secure Computation with Fixed-Point Numbers,Octavian Catrina and Amitabh Saxena,2010,Proc. Financial Cryptography,,,,,,B — canonical proceedings/journal bibliographic record,metadata checked; primary locator not embedded,title/author/year/venue/page fields cross-checked during the bibliography audit; no unverified URL was invented,bibliographic verification only; citation used for the scoped background/contrast stated in the manuscript,1,2026-09-18
fss16,inproceedings,Function Secret Sharing: Improvements and Extensions,Elette Boyle and Niv Gilboa and Yuval Ishai,2016,Proc. ACM CCS,,,,,,B — canonical proceedings/journal bibliographic record,metadata checked; primary locator not embedded,title/author/year/venue/page fields cross-checked during the bibliography audit; no unverified URL was invented,bibliographic verification only; citation used for the scoped background/contrast stated in the manuscript,1,2026-09-18
pbft99,inproceedings,Practical Byzantine Fault Tolerance,Miguel Castro and Barbara Liskov,1999,Proc. USENIX OSDI,,,,,https://pmg.csail.mit.edu/papers/osdi99.pdf,"A/B — official, institutional, or author-hosted scholarly record",metadata and stable locator checked,"title/author/year/venue checked against the listed official, institutional, or author-hosted record",substantive source/record inspection documented in external_resources.csv,3,2026-09-18
bftsmart14,inproceedings,State Machine Replication for the Masses with BFT-SMaRt,Alysson Bessani and Joao Sousa and Eduardo E. P. Alchieri,2014,Proc. IEEE/IFIP DSN,,,355--362,,,B — canonical proceedings/journal bibliographic record,metadata checked; primary locator not embedded,title/author/year/venue/page fields cross-checked during the bibliography audit; no unverified URL was invented,bibliographic verification only; citation used for the scoped background/contrast stated in the manuscript,3,2026-09-18
vr12,techreport,Viewstamped Replication Revisited,Barbara Liskov and James Cowling,2012,MIT Computer Science and Artificial Intelligence Laboratory,,MIT-CSAIL-TR-2012-021,,,,B — canonical proceedings/journal bibliographic record,metadata checked; primary locator not embedded,title/author/year/venue/page fields cross-checked during the bibliography audit; no unverified URL was invented,bibliographic verification only; citation used for the scoped background/contrast stated in the manuscript,2,2026-09-18
raft14,inproceedings,In Search of an Understandable Consensus Algorithm,Diego Ongaro and John Ousterhout,2014,Proc. USENIX ATC,,,305--319,,,B — canonical proceedings/journal bibliographic record,metadata checked; primary locator not embedded,title/author/year/venue/page fields cross-checked during the bibliography audit; no unverified URL was invented,bibliographic verification only; citation used for the scoped background/contrast stated in the manuscript,3,2026-09-18
chain04,inproceedings,Chain Replication for Supporting High Throughput and Availability,Robbert van Renesse and Fred B. Schneider,2004,Proc. USENIX OSDI,,,91--104,,,B — canonical proceedings/journal bibliographic record,metadata checked; primary locator not embedded,title/author/year/venue/page fields cross-checked during the bibliography audit; no unverified URL was invented,bibliographic verification only; citation used for the scoped background/contrast stated in the manuscript,2,2026-09-18
zookeeper10,inproceedings,ZooKeeper: Wait-Free Coordination for Internet-Scale Systems,Patrick Hunt and Mahadev Konar and Flavio P. Junqueira and Benjamin Reed,2010,Proc. USENIX ATC,,,,,,B — canonical proceedings/journal bibliographic record,metadata checked; primary locator not embedded,title/author/year/venue/page fields cross-checked during the bibliography audit; no unverified URL was invented,bibliographic verification only; citation used for the scoped background/contrast stated in the manuscript,2,2026-09-18
vertical09,inproceedings,Vertical Paxos and Primary-Backup Replication,Leslie Lamport and Dahlia Malkhi and Lidong Zhou,2009,Proc. ACM PODC,,,,,https://lamport.azurewebsites.net/pubs/vertical-paxos.pdf,"A/B — official, institutional, or author-hosted scholarly record",metadata and stable locator checked,"title/author/year/venue checked against the listed official, institutional, or author-hosted record",substantive source/record inspection documented in external_resources.csv,2,2026-09-18
rala21,inproceedings,Accountability and Reconfiguration: Self-Healing Lattice Agreement,Luciano Freitas de Souza and Petr Kuznetsov and Thibault Rieutord and Sara Tucci-Piergiovanni,2022,Proc. OPODIS,217,,25:1--25:23,10.4230/LIPIcs.OPODIS.2021.25,https://doi.org/10.4230/LIPIcs.OPODIS.2021.25,A — DOI-backed primary scholarly record,metadata and DOI locator checked,DOI/title/author/year/venue consistency check; selected closest-work records also checked against publisher or venue pages,substantive source/record inspection documented in external_resources.csv,2,2026-09-18
peerreview07,inproceedings,PeerReview: Practical Accountability for Distributed Systems,Andreas Haeberlen and Petr Kouznetsov and Peter Druschel,2007,Proc. ACM SOSP,,,,,https://www.sos.cs.jhu.edu/peerreview/peerreview.pdf,"A/B — official, institutional, or author-hosted scholarly record",metadata and stable locator checked,"title/author/year/venue checked against the listed official, institutional, or author-hosted record",substantive source/record inspection documented in external_resources.csv,3,2026-09-18
sundr04,inproceedings,SUNDR: Secure Untrusted Data Repository,Jinyuan Li and Maxwell Krohn and David Mazieres and Dennis Shasha,2004,Proc. USENIX OSDI,,,,,,B — canonical proceedings/journal bibliographic record,metadata checked; primary locator not embedded,title/author/year/venue/page fields cross-checked during the bibliography audit; no unverified URL was invented,bibliographic verification only; citation used for the scoped background/contrast stated in the manuscript,3,2026-09-18
a2m07,inproceedings,Attested Append-Only Memory: Making Adversaries Stick to Their Word,Byung-Gon Chun and Petros Maniatis and Scott Shenker and John Kubiatowicz,2007,Proc. ACM SOSP,,,,,,B — canonical proceedings/journal bibliographic record,metadata checked; primary locator not embedded,title/author/year/venue/page fields cross-checked during the bibliography audit; no unverified URL was invented,bibliographic verification only; citation used for the scoped background/contrast stated in the manuscript,3,2026-09-18
trinc09,inproceedings,TrInc: Small Trusted Hardware for Large Distributed Systems,Dave Levin and John R. Douceur and Jacob R. Lorch and Thomas Moscibroda,2009,Proc. USENIX NSDI,,,,,,B — canonical proceedings/journal bibliographic record,metadata checked; primary locator not embedded,title/author/year/venue/page fields cross-checked during the bibliography audit; no unverified URL was invented,bibliographic verification only; citation used for the scoped background/contrast stated in the manuscript,3,2026-09-18
minbft13,article,Efficient Byzantine Fault-Tolerance,Giuliana S. Veronese and Miguel Correia and Alysson Neves Bessani and Lau Cheuk Lung and Paulo Verissimo,2013,IEEE Trans. Comput.,62,1,16--30,,,B — canonical proceedings/journal bibliographic record,metadata checked; primary locator not embedded,title/author/year/venue/page fields cross-checked during the bibliography audit; no unverified URL was invented,bibliographic verification only; citation used for the scoped background/contrast stated in the manuscript,2,2026-09-18
cheapbft12,inproceedings,CheapBFT: Resource-Efficient Byzantine Fault Tolerance,Ruediger Kapitza and Johannes Behl and Christian Cachin and Tobias Distler and Simon Kuhnle and Seyed Vahid Mohammadi and Wolfgang Schroeder-Preikschat and Klaus Stengel,2012,Proc. ACM EuroSys,,,,,,B — canonical proceedings/journal bibliographic record,metadata checked; primary locator not embedded,title/author/year/venue/page fields cross-checked during the bibliography audit; no unverified URL was invented,bibliographic verification only; citation used for the scoped background/contrast stated in the manuscript,2,2026-09-18
rifl15,inproceedings,Implementing Linearizability at Large Scale and Low Latency,Collin Lee and Seo Jin Park and Ankita Kejriwal and Satoshi Matsushita and John Ousterhout,2015,Proc. ACM SOSP,,,71--86,,https://web.stanford.edu/~ouster/cgi-bin/papers/rifl.pdf,"A/B — official, institutional, or author-hosted scholarly record",metadata and stable locator checked,"title/author/year/venue checked against the listed official, institutional, or author-hosted record",substantive source/record inspection documented in external_resources.csv,2,2026-09-18
curp19,inproceedings,Exploiting Commutativity for Practical Fast Replication,Seo Jin Park and John Ousterhout,2019,Proc. USENIX NSDI,,,47--64,,,B — canonical proceedings/journal bibliographic record,metadata checked; primary locator not embedded,title/author/year/venue/page fields cross-checked during the bibliography audit; no unverified URL was invented,bibliographic verification only; citation used for the scoped background/contrast stated in the manuscript,1,2026-09-18
harp91,inproceedings,Replication in the Harp File System,Barbara Liskov and Sanjay Ghemawat and Robert Gruber and Paul Johnson and Liuba Shrira and Michael Williams,1991,Proc. ACM SOSP,,,,,,B — canonical proceedings/journal bibliographic record,metadata checked; primary locator not embedded,title/author/year/venue/page fields cross-checked during the bibliography audit; no unverified URL was invented,bibliographic verification only; citation used for the scoped background/contrast stated in the manuscript,2,2026-09-18
paxoslive07,inproceedings,Paxos Made Live: An Engineering Perspective,Tushar D. Chandra and Robert Griesemer and Joshua Redstone,2007,Proc. ACM PODC,,,,,,B — canonical proceedings/journal bibliographic record,metadata checked; primary locator not embedded,title/author/year/venue/page fields cross-checked during the bibliography audit; no unverified URL was invented,bibliographic verification only; citation used for the scoped background/contrast stated in the manuscript,1,2026-09-18
hotstuff19,inproceedings,HotStuff: BFT Consensus with Linearity and Responsiveness,Maofan Yin and Dahlia Malkhi and Michael K. Reiter and Guy Golan Gueta and Ittai Abraham,2019,Proc. ACM PODC,,,,,,B — canonical proceedings/journal bibliographic record,metadata checked; primary locator not embedded,title/author/year/venue/page fields cross-checked during the bibliography audit; no unverified URL was invented,bibliographic verification only; citation used for the scoped background/contrast stated in the manuscript,3,2026-09-18
rambo02,inproceedings,RAMBO: A Reconfigurable Atomic Memory Service for Dynamic Networks,Nancy Lynch and Alexander A. Shvartsman,2002,Proc. DISC,,,,,,B — canonical proceedings/journal bibliographic record,metadata checked; primary locator not embedded,title/author/year/venue/page fields cross-checked during the bibliography audit; no unverified URL was invented,bibliographic verification only; citation used for the scoped background/contrast stated in the manuscript,2,2026-09-18
huang01,inproceedings,Exactly-Once Semantics in a Replicated Messaging System,Yennun Huang and Hector Garcia-Molina,2001,Proc. IEEE ICDE,,,,,,B — canonical proceedings/journal bibliographic record,metadata checked; primary locator not embedded,title/author/year/venue/page fields cross-checked during the bibliography audit; no unverified URL was invented,bibliographic verification only; citation used for the scoped background/contrast stated in the manuscript,2,2026-09-18
helland12,article,Idempotence Is Not a Medical Condition,Pat Helland,2012,Commun. ACM,55,5,56--65,,,B — canonical proceedings/journal bibliographic record,metadata checked; primary locator not embedded,title/author/year/venue/page fields cross-checked during the bibliography audit; no unverified URL was invented,bibliographic verification only; citation used for the scoped background/contrast stated in the manuscript,1,2026-09-18
lamport78,article,"Time, Clocks, and the Ordering of Events in a Distributed System",Leslie Lamport,1978,Commun. ACM,21,7,558--565,,,B — canonical proceedings/journal bibliographic record,metadata checked; primary locator not embedded,title/author/year/venue/page fields cross-checked during the bibliography audit; no unverified URL was invented,bibliographic verification only; citation used for the scoped background/contrast stated in the manuscript,1,2026-09-18
schneider90,article,Implementing Fault-Tolerant Services Using the State Machine Approach: A Tutorial,Fred B. Schneider,1990,ACM Comput. Surv.,22,4,299--319,,,B — canonical proceedings/journal bibliographic record,metadata checked; primary locator not embedded,title/author/year/venue/page fields cross-checked during the bibliography audit; no unverified URL was invented,bibliographic verification only; citation used for the scoped background/contrast stated in the manuscript,1,2026-09-18
